sample_ID	s__Adeno-associated virus	s__Alphainfluenzavirus influenzae	s__Alphapapillomavirus 1	s__Alphapapillomavirus 10	s__Alphapapillomavirus 11	s__Alphapapillomavirus 13	s__Alphapapillomavirus 14	s__Alphapapillomavirus 2	s__Alphapapillomavirus 3	s__Alphapapillomavirus 4	s__Alphapapillomavirus 5	s__Alphapapillomavirus 6	s__Alphapapillomavirus 7	s__Alphapapillomavirus 8	s__Alphapapillomavirus 9	s__Alphapolyomavirus octihominis	s__Alphapolyomavirus quardecihominis	s__Alphapolyomavirus quintihominis	s__Alphatorquevirus homin1	s__Alphatorquevirus homin10	s__Alphatorquevirus homin13	s__Alphatorquevirus homin15	s__Alphatorquevirus homin19	s__Alphatorquevirus homin20	s__Alphatorquevirus homin21	s__Alphatorquevirus homin24	s__Alphatorquevirus homin5	s__Alphatorquevirus homin6	s__Alphatorquevirus homin7	s__Anellovirus D_HF6_322	s__Anellovirus D_HF7_66	s__Anellovirus cya/2019	s__Astrovirus MLB2	s__Astrovirus VA3	s__Astrovirus VA4	s__Betacoronavirus 1	s__Betainfluenzavirus influenzae	s__Betapapillomavirus 1	s__Betapapillomavirus 2	s__Betapapillomavirus 3	s__Betapapillomavirus 4	s__Betapapillomavirus 5	s__Betapolyomavirus hominis	s__Betapolyomavirus quartihominis	s__Betapolyomavirus secuhominis	s__Betapolyomavirus tertihominis	s__Betatorquevirus homini1	s__Betatorquevirus homini11	s__Betatorquevirus homini12	s__Betatorquevirus homini16	s__Betatorquevirus homini18	s__Betatorquevirus homini8	s__Bocaparvovirus primate1	s__Bocaparvovirus primate2	s__Burkina Faso astrovirus	s__Cardiovirus B	s__Cardiovirus D	s__Chimpanzee faeces associated circular DNA virus 1	s__Cosavirus A	s__Cosavirus B	s__Cosavirus D	s__Cosavirus JMY-2014	s__Cyclovirus bashri	s__Cytomegalovirus humanbeta5	s__Deltapolyomavirus decihominis	s__Deltapolyomavirus septihominis	s__Deltapolyomavirus sextihominis	s__Deltapolyomavirus undecihominis	s__Dependoparvovirus primate1	s__Enterovirus A	s__Enterovirus B	s__Enterovirus C	s__Enterovirus D	s__Erythroparvovirus primate1	s__Gammainfluenzavirus influenzae	s__Gammapapillomavirus 1	s__Gammapapillomavirus 10	s__Gammapapillomavirus 11	s__Gammapapillomavirus 12	s__Gammapapillomavirus 13	s__Gammapapillomavirus 14	s__Gammapapillomavirus 15	s__Gammapapillomavirus 16	s__Gammapapillomavirus 17	s__Gammapapillomavirus 18	s__Gammapapillomavirus 19	s__Gammapapillomavirus 2	s__Gammapapillomavirus 21	s__Gammapapillomavirus 22	s__Gammapapillomavirus 23	s__Gammapapillomavirus 24	s__Gammapapillomavirus 26	s__Gammapapillomavirus 27	s__Gammapapillomavirus 3	s__Gammapapillomavirus 4	s__Gammapapillomavirus 5	s__Gammapapillomavirus 6	s__Gammapapillomavirus 7	s__Gammapapillomavirus 8	s__Gammapapillomavirus 9	s__Gammapapillomavirus sp.	s__Gammatorquevirus homidi13	s__Gammatorquevirus homidi3	s__Gemykibivirus humas1	s__Gyrovirus homsa3	s__Gyrovirus homsa4	s__HMO Astrovirus A	s__Hepatitis B virus	s__Hepatitis E virus	s__Hepatovirus A	s__Hetorquevirus hominid2	s__Human PoSCV5-like circular virus	s__Human astrovirus	s__Human circovirus VS6600022	s__Human coronavirus 229E	s__Human coronavirus HKU1	s__Human coronavirus NL63	s__Human cosavirus	s__Human fecal virus Jorvi2	s__Human fecal virus Jorvi4	s__Human fecal virus Tarto	s__Human hepatitis circovirus	s__Human mastadenovirus A	s__Human mastadenovirus B	s__Human mastadenovirus C	s__Human mastadenovirus D	s__Human mastadenovirus E	s__Human mastadenovirus F	s__Human papillomavirus	s__Human papillomavirus KC5	s__Human papillomavirus type 190	s__Human papillomavirus type 194	s__Human papillomavirus type 203	s__Human papillomavirus type 222	s__Human papillomavirus type 229	s__Human parechovirus 1B	s__Human polyomavirus 16	s__Human respiratory circovirus-like 1	s__Human respiratory circular DNA virus	s__Iteradensovirus incertum2	s__Kobuvirus aichi	s__Lymphocryptovirus humangamma4	s__Mamastrovirus 1	s__Mamastrovirus 6	s__Mamastrovirus 9	s__Metapneumovirus hominis	s__Molluscum contagiosum virus	s__Mupapillomavirus 1	s__Mupapillomavirus 2	s__Mupapillomavirus 3	s__Norwalk virus	s__Nupapillomavirus 1	s__Orthopicobirnavirus hominis	s__Orthopneumovirus hominis	s__Orthorubulavirus hominis	s__Orthorubulavirus laryngotracheitidis	s__Parechovirus A	s__Paslahepevirus balayani	s__Pegivirus hominis	s__Pegivirus platyrrhini	s__Protoparvovirus incertum1	s__Protoparvovirus primate1	s__Protoparvovirus primate3	s__Respirovirus laryngotracheitidis	s__Respirovirus pneumoniae	s__Rhadinovirus humangamma8	s__Rhinovirus A	s__Rhinovirus B	s__Rhinovirus C	s__Roseolovirus humanbeta6a	s__Roseolovirus humanbeta6b	s__Roseolovirus humanbeta7	s__Rotavirus A	s__Rotavirus C	s__SEN virus	s__Salivirus A	s__Salivirus FHB	s__Salivirus sp.	s__Sapovirus Sapozj-9	s__Sapporo virus	s__Severe acute respiratory syndrome-related coronavirus	s__Simplexvirus humanalpha2	s__Simplexvirus paninealpha3	s__Small anellovirus	s__TTV-like mini virus	s__Torque teno midi virus	s__Torque teno virus	s__Torque teno virus 16	s__Torque teno virus 27	s__Torque teno virus 28	s__Torque teno virus AZ1_2	s__Torque teno virus AZ7_4	s__Varicellovirus humanalpha3	s__human papillomavirus 214	s__human papillomavirus 226
2024_04_KUO_SA1_24V0634	0.0	0.0	0.0	0.0012958047876248	0.0019613840368083	0.0	0.0	0.0006476557617629	0.0086437908412345	0.047418289855407206	0.006948753173638	0.0025988671377057	0.0	0.0012749282024364	0.0058751215661961	0.0	0.0	0.0786423853446621	0.0	0.0	0.0	0.0	0.0	0.0	0.0	0.0	0.0	0.0	0.0	0.0	0.0	0.0	0.0	0.4374342399283	0.0	0.0210868297200376	0.0152527400845682	0.0837390216272164	0.2714773109470809	0.0	0.002744918020142	0.001372459010071	0.157493466775511	0.0	0.952182364705773	0.0	0.0	0.0	0.0	0.0	0.0	0.0	0.0	0.0365477015679777	0.0	0.0	0.0	0.0	0.0	0.0	0.0	0.0	0.0	0.0	0.0030466623906411	0.0061843801192901	0.004144681330454	0.0	0.0	0.0	0.0	0.0	0.0	0.0	0.0039548853699474	0.009032658106712	0.0013873810977043	0.0	0.0	0.0	0.0	0.0014051411034973	0.0	0.0	0.0	0.0	0.0	0.0	0.0	0.0	0.0	0.0	0.0	0.0	0.0	0.0	0.0	0.0	0.0014125294198019	0.0	0.0	0.0	0.0	0.0	0.00501885453142	0.0	0.471046458562573	0.0	0.0461819847994877	0.0	0.0	0.0	0.0	0.0035995592795868	0.0128926338555967	0.0081890635338525	0.0050017321735659	0.0	1.03904098642162	0.0	0.0	0.0	0.0	0.0	0.0	0.0	0.0	0.0177409478621387	0.0117492276031251	0.0	0.0040306725915668	0.0	0.0	0.0007016048190314	0.0	0.0	0.0	0.0033437111421252	0.0	0.0	0.0117522208083651	0.0088820957757563	69.6901044965471	2.24563851623772	0.0	0.0	0.0	0.0143687589617391	0.0013892692048051	0.0	2.132534895501917	0.0	0.0131489287220131	0.0	0.0	0.0	0.0	0.0	0.0	0.0	0.0	0.0	0.0	0.0085679224946612	0.0122444597517217	0.0	0.0487212915086076	0.0	0.0316770181702624	0.0	0.0	0.0	0.8309557034798034	0.0	0.0	0.0	0.0	0.0	0.0	8.937266954780672	0.0060113778533513	3.6759294355612e-05	0.0	0.0	0.0176553962589213	0.0066159106396035	0.0248953899363507	0.0	0.0	0.0	0.0	0.0	0.0	0.0	0.0
2024_04_KUO_SA2_24V0633	0.0	0.0	0.0	0.0001202213640112	0.0	0.0003379214009374	0.0	0.0	8.82671098326694e-05	0.007125129190987199	2.93932307678589e-05	0.0002417737498666799	0.0035220771329709	0.0	0.0002102809426043	0.0	0.0	0.0023366172533929	0.0	0.0	0.0	0.0	0.0	0.0	0.0	0.0	0.0	0.0	0.0	0.0	0.0003760844095079	0.0	0.0	0.0	0.0	0.0001854180186234	0.0001672837517223	0.0009611273606355107	0.001616417376263076	0.0002513198990521	6.36636656223831e-05	0.0	0.188642823160373	0.0	0.111850582441323	0.0	0.0	0.0	0.0	0.0	0.0	0.0	0.0049837282538102	0.0064442456873976	0.0	0.0	0.0	0.0	0.0	0.0	0.0	0.0	0.0	9.0707066593055e-06	9.45074829304816e-05	0.0	9.64260270419408e-05	0.0	0.0	0.0001917104571002	0.0	0.0015413562224183	0.0	0.0	0.0002208250159035	0.0002270900641046692	0.0	0.0	0.0	9.81529017513294e-05	0.0	0.0	0.0	0.0	0.0	0.0	0.0	0.0	0.0	6.5734100361002e-05	0.0001301711727072	0.0	0.0	0.0	6.49520865867087e-05	0.0	0.0	6.46075366170567e-05	6.59348430328429e-05	0.0	0.0	0.0	0.0	0.0	0.0	0.0	0.0005088708699816	0.0	0.0	0.0	0.0	0.0	0.0	0.0109704326174765	0.0002608236313698	6.35061981694767e-05	3.44786127977789e-05	0.0	0.0647444881341659	0.0	0.0	0.0	8.43036045450987e-05	0.0007929344408597	0.0	0.0	0.0	0.0008116127183661	0.001128020629830715	0.0	0.0	0.0	0.0	0.0	0.0	6.53542390215466e-05	0.0	0.0	0.0001481118207697	0.0	0.0010073201237458	0.000205950881931	2.5908668099220473	0.0397175852133589	0.0	0.0	0.0	0.0003038993021168	0.0	0.0	0.30376209382250663	0.0	0.0012792594861589	0.0	0.0	4.54279465578233e-05	6.64699984898685e-05	0.0	0.0	0.0	0.0	0.0	0.0001065966358188	0.0	0.0018561608687844	0.0	0.0002000819752352	0.0	0.0009359155036966	0.0	8.79001090359747e-06	3.72350098674106e-05	0.1291952656014096	0.0	0.0	0.0125264802353308	0.0	0.0	0.0496911623794201	0.19802943628775524	0.0	1.84255222579706e-05	0.0	0.0	0.0007340232628566	0.0	0.00019034787781150382	0.0	0.0	0.0	0.0	0.0	0.0	0.0	0.0
2024_04_KUO_UH_24V0632	0.0	0.0	9.40519947070137e-05	0.0	0.0031168351569871	0.0	6.18193118452673e-05	9.45174214033179e-05	0.0018594691864412087	0.0015153738434836	3.13823642601764e-05	4.73488302872838e-05	0.0002667163858492	3.10100244818928e-05	0.0006122112878738445	0.0	0.0	0.0013597121492077	0.0	0.0	0.0	0.0	0.0	0.0	0.0	0.0	0.0	0.0	0.0	0.0	0.0056684385091828	0.0	0.0	0.0	0.0	0.0	0.0	0.0020426284418431414	0.0002185754844255987	0.0002955919833649	3.32793547817338e-05	0.0	0.030187897761617	0.0	0.0378496027354261	0.0	0.0	0.0	0.0	0.0	0.0	0.0	0.0	0.0136149433604139	0.0	0.0	0.0	0.0	0.0	0.0	0.0	0.0	0.0	0.0	0.0	0.0	0.0002520272696168	0.0	0.0	0.0	0.0	0.0001509100077146	0.0	0.0004215196617676	0.0	0.0	0.0	0.0	3.4562537030417e-05	0.0	0.0	0.0	0.0	0.0	0.0	0.0	0.0	0.0	0.0	0.0	0.0	0.0	0.0	0.0	0.0	0.0	0.0	0.00010182162037660158	3.43711608563837e-05	0.0	6.77667210771059e-05	0.0	0.0	0.0	0.0	0.0002458388772539	0.0	0.0	0.0	6.71709092456421e-05	0.0	0.0	0.0	0.0018823664384943	0.0	0.0	0.0	0.0	0.0122725272889539	0.0	0.0	0.0	0.0	0.0	0.0	0.0	0.0	7.25230791326682e-06	0.00021983709676726352	0.0	0.0	0.0	0.0	0.0	0.0	0.0	0.0	0.0	8.2136045658788e-05	0.0	0.0	2.81789788766176e-05	0.0603824498418951	6.03542212023617e-05	0.0	0.0	1.30047591776228e-06	3.17718830488184e-05	0.0	0.0	0.009204008006737464	0.0	0.0	0.0	0.0	0.0	5.06384634996294e-05	0.0	0.0	0.0	0.0	0.0	5.57220076361123e-05	0.0	0.0	0.0	0.0	0.0	0.0	0.0	0.0	4.05502459541606e-06	0.000118528965586	0.0	0.0	0.0	0.0	0.0	0.0	0.0001328848925302123	0.0	0.0003306884551573	0.0	0.0	0.002327792444178849	8.57380062246258e-05	0.0008661929240995523	0.0	0.0	0.0	0.0	0.0	0.0	0.0	0.0
2024_04_KUO_WWTP_24V0631	0.0	0.0	0.0005841479193924	0.0007806380699549	0.0	0.0	0.0	0.0	0.0014958822215112	0.0027495965079818996	0.0003817204225732	0.0003942102523507	0.0	0.0	0.0003864070426449	0.0	0.0	0.0143136301020609	0.0	0.0	0.0	0.0	0.0	0.0	0.0	0.0	0.0	0.0	0.0	0.0048957158958604	0.0	0.0	0.0	0.0126540233077931	0.0	0.0056687488147149	0.0024687047883653	0.005440788145632199	0.0027062331547912	0.00081595264931	0.0004146680578639	0.0	0.113424227096313	0.0	0.157521806193124	0.0	0.0	0.0	0.0	0.0	0.0	0.0	0.0647287082345518	0.124371663289977	0.0	0.0	0.0	0.0	0.0	0.0	0.0	0.0	0.0	0.0	0.0	0.0	0.0006261268807129	0.0	0.0	0.0010323975523938	0.0012551414871373	0.0474828245294662	0.0	0.0	0.0002389819474966	0.0006291923733969	0.0	0.0	0.0	0.0	0.0	0.0	0.0	0.0	0.0	0.0	0.0	0.0	0.0	0.0	0.0	0.0	0.0	0.0	0.0	0.0	0.0	0.0	0.0	0.0	0.0	0.0	0.0	0.0	0.0	0.0	0.0866191056230406	0.0	0.0205991537704042	0.0	0.0	0.0	0.0	0.0391519169668953	0.0010726236276576	0.0009278263630432	0.0002238813206831	0.0	0.123372040575683	0.0	0.0	0.0	0.0	0.0016139037976595	0.0	0.0	0.0	0.0095041550666929	0.0020890170596556	0.0	0.0	0.0	0.0	0.0	0.0004214101672895	0.0029705705972405	0.0	0.0	0.0	0.0	0.0042982866778367	9.81897593199769e-05	5.34729056496047	0.497806483606306	0.0037464937921555	0.0001160209529939	0.0	0.0003946642372862	0.0	0.0	1.5421148804939446	0.0	0.0083066654954353	0.0008145603472113001	0.0	0.0001966527043096	0.0004198041397022	0.0	0.0	0.0	0.0	0.0	0.0	0.0	0.0087925301179018	0.0	0.0038919784538015	0.0008540221554456	0.0030467290441919	0.0	0.0	0.0004231141971664	1.2178264346676828	0.0	0.0	0.0034776633838046	0.0202457868536615	0.0	0.79499882948531	0.6380487934551738	0.0004153101749669	1.10990795370512e-05	0.0	0.0	0.0021183386087857	0.0	0.0	0.0	0.0	0.0	0.0	0.0	0.0	0.0	0.0
2024_04_TRE_SA1_24V0880	0.0	0.0	0.0	0.0	0.0009125016797794	0.0	0.0	0.0	0.0	0.0109379936899932	0.0026585646093673	0.0	0.0018226805857781	0.0	0.0208309152122785	0.0	0.0	0.0053168002088206	0.0	0.0	0.0	0.0	0.0	0.0	0.0	0.0	0.0	0.0	0.0	0.0	0.0	0.0	0.0	0.0	0.0	0.004214617319974	0.0	0.0300202271374532	0.0350318138469835	0.0047357147362627	0.0	0.0	0.0222329537938421	0.0	0.660208483863829	0.0	0.0	0.0	0.0	0.0	0.0	0.0	0.0477962881482018	0.81224066517807	0.0	0.0150558826939886	0.0	0.0	0.0075056610914353	0.0	0.0	0.0	0.0	0.0	0.0	0.0	0.0058143732693701	0.0	0.0	0.0	0.0	0.018366850031937297	0.0	0.0	0.0	0.0322735371462203	0.0	0.0	0.0	0.0	0.0	0.0	0.0	0.0	0.0	0.0	0.0	0.0	0.0	0.0	0.0	0.0	0.0	0.0	0.0	0.0	0.0	0.0127356969292626	0.0	0.0	0.0	0.0	0.0	0.0	0.0	0.0	1.32161665466215	0.0	0.0	0.0	0.0	0.0	0.0	0.0050496478711066	0.0141546156893648	0.0023933420286213	0.0067568111534846	0.0	0.20249795557107	0.0	0.0	0.0	0.0044479800717569	0.0	0.0	0.0	0.0	0.0	0.0142663895295368	0.0	0.0	0.0	0.0	0.0	0.0	0.0	0.0	0.0	0.0	0.0	0.0095448869963066	0.0004559075240994	5.71130786140052	0.0394512434227507	0.0	0.0021548000846311	0.0	0.0018324761820164	0.0	0.0	3.8867518587024885	0.0	0.0083845441232192	0.0027915792129548	0.0	0.0	0.0	0.0	0.0	0.0	0.0	0.0	0.0	0.0009211888178604	0.0999979082964754	0.0	0.0259844661047311	0.0019826666706989	0.0050334273437401	0.0	0.0	0.0	27.7019092637582	0.0	0.0	0.0	0.823651991339201	0.0	0.22595801672402	0.0276179602166303	0.0036141735721932	0.0001545832820748	0.0	0.0	0.0	0.0	0.0149395483947007	0.0	0.0	0.0	0.0	0.0	0.0	0.0	0.0
2024_04_TRE_SA2_24V0884	0.0	0.0	0.0	0.00022853432363218303	0.0001555714938508	0.0	0.0	0.0004553355155418	0.0	0.0087452793869947	0.0002973957047053	0.0	0.0	0.0	0.0	0.0	0.0	0.0026763957238011	0.0	0.0	0.0	0.0	0.0	0.0	0.0	0.0	0.0	0.0	0.0	0.0	0.0	0.0	0.0	0.0	0.0	0.0020128216492958	0.0005000711535866	0.0007900891715104	0.0010589950468433	7.94628734794808e-05	0.0	0.0	0.0044300590516563	0.0	0.0453189314222976	0.0	0.0	0.0	0.0	0.0	0.0	0.0	0.0044434985141078	0.0375815819490519	0.0	0.0001486058932603	0.0	0.0	0.0017316909220528	0.0	0.0	0.0	0.0	0.0	0.0	0.0	0.0	0.0	0.0	0.0076945174238861	0.0027968145966268	0.0	0.0	0.0	0.0016757024365547	0.0016400348259596998	0.0	0.0	0.0	8.29406769991543e-05	0.0	0.0	0.0	0.0	0.0	0.0	0.0	0.0	0.0	0.0	0.0	0.0	0.0	0.0001672436869445	0.0	0.0	0.0	0.0001634220140111	0.0	0.0	0.000166271609052	0.0	0.0	0.0	0.0011813949331462	0.0	0.0129636125825203	0.0	0.0085724785703799	0.0	0.0004117473087764	0.0	0.0	0.0072020934411727	0.0012315189118963	0.0	4.36060917870922e-05	0.0	0.300293134450081	0.0	0.0	0.0	0.21914208535355	0.0130370104724624	0.0	0.0002392158407494	0.0	0.0	8.27122846626567e-05	0.0	0.0	0.0	0.0	0.0	0.0	0.0	0.0	0.0	0.0007878548504981	0.0	0.0	9.04078535523995e-05	0.223484368611966	0.557613813812336	0.0001824291902535	0.0	7.81577628990085e-05	0.0004612202099845	0.0004905329261063	0.0	0.4191920857065004	0.0	0.0022510138585662	0.0008778071942818	0.0	0.0	0.0001633553564935	0.0	0.0	0.0	0.0	0.0002491660404416	0.0	7.70178619878045e-05	0.0856274820498621	0.0	0.0021020103177083003	0.0	0.008319976237889999	0.0	7.41131948511387e-06	1.569739544042e-05	0.928672953992766	0.0	0.0	0.0	0.0232844699032897	0.0	0.0115496157396191	0.06082193976094221	0.0003625949910498	7.37937426642485e-05	0.0	0.0	0.0	0.0	0.0016236197932564	0.0001573439820599	0.0	0.0	0.0	0.0	0.0	0.0	0.0
2024_04_TRE_UH_24V0441	0.0	0.0	0.0	0.0005978686017335	0.0001995828052952	0.0	9.74807838386461e-05	0.0001987217704798	0.0001960353327264	0.0010999482189163	0.0001938275090534	0.0002001695134396	0.00039701886518389996	0.0001955946388349	0.00039491709296880003	0.0	0.0	0.0026165094595071	0.0	0.0	0.0	0.0	0.0	0.0	0.0	0.0	0.0	0.0	0.0	0.0	0.0	0.0	0.0	0.0	0.0	0.0	0.0	0.0034766924937881	0.0050753898417827	0.0	0.0	0.0	0.0162599952675365	0.0	0.342685524680851	0.0	0.0	0.0	0.0	0.0	0.0	0.0	0.0005975300546172	0.000602819966571	0.0	0.0	0.0	0.0	0.0032832835915129	0.0	0.0	0.0	0.0	0.0	0.0	0.0	0.0	0.0	0.0	0.0	0.0	0.0	0.0	0.0	0.0003640460885987	0.0	0.0	0.0	0.0	0.0	0.0	0.0	0.0	0.0	0.0	0.0	0.0	0.0	0.0	0.0	0.0	0.0	0.0	0.0	0.0	0.0	0.0	0.0	0.0002173967619588	0.0	0.0	0.0	0.0	0.0	0.0	0.0	0.105463048697083	0.0004956095801112	0.0	0.0	0.0	0.0	0.0	0.0057984223794403	0.0002866578089013	0.0	0.0	0.0	0.108332046665142	0.0023394972070127	0.0	0.0	0.0	0.0	0.0	0.0001785624117836	0.0	0.0	0.0017949484679997	0.0	0.0	0.0006471596170048	0.0	0.0	0.0	0.0	0.0	0.0	0.0	0.0003347854367575	1.69584601475362	0.0061234880965592	11.0038574823913	0.0	0.0007133888277338	0.0	0.0	0.0	0.0	0.0	1.7970028949441392	0.0	0.0034843558770353	0.0	0.0	0.0	0.0	0.0	0.0002559750887066462	0.0	0.0	0.0	0.0	0.0	0.0022072247283367	0.0	0.0006559666505975	0.0	0.0	0.0	0.0	0.0	0.0162000363166244	0.0	0.0	0.0	0.0013707031647989	0.0	0.004153079483298	0.0431560354822151	0.0001053991704119	0.0006125788881569	0.0	0.0	0.0049200509043562	0.0005223903512847	0.0693661341281366	0.0145619388938934	0.0	0.0	0.0	0.0	0.0	0.0	0.0
2024_04_TRE_WWTP_24V0447	0.0	0.0039302102431525	0.0253584161853406	0.0034169309036263	0.0	0.0	0.0	0.0	0.0016574948930254	0.0136368815699612	0.0016570846220123	0.0051130004121155	0.0034234834430733	0.0	0.0117420077951664	0.0	0.0	0.159070280255249	0.0	0.0	0.0	0.0	0.0	0.0	0.0	0.0	0.0	0.0	0.0	0.0212527678505711	0.0	0.0	0.0	0.103761044072155	0.0	0.0100176508947261	0.0154323101380212	0.059850835873202	0.0362048416427291	0.0017710639875475	0.0	0.0	0.860050393921909	0.0025605744398278	1.33370439651742	0.0	0.0	0.0	0.0	0.0	0.0	0.0	0.357591401072181	0.600459772284648	0.0	0.0	0.0	0.0	0.0034619893331247	0.0	0.0	0.0	0.0	0.0	0.0	0.0054076105597172	0.0	0.0	0.0	0.0781933289517821	0.0	0.0778128775607477	0.0	0.0	0.0114118767398464	0.0109367480698132	0.0	0.0	0.0	0.0	0.0	0.0036718068684655	0.0	0.0	0.0	0.0	0.0	0.0	0.0	0.0	0.0	0.0	0.0	0.0	0.0036617650063885	0.0	0.0	0.0	0.0	0.0074188911183597	0.0	0.0	0.0	0.0	0.0	0.0	1.27253143039163	0.0	0.0	0.0	0.0	0.0	0.0	0.250222115137718	0.0200958741289399	0.001790125509173	0.0	0.0	0.695899547555515	0.0	0.0	0.0	0.110105003885376	0.0	0.0	0.0061063164476742	0.0	0.346101606889795	0.00371098773444	0.0	0.0	0.0	0.0	0.0	0.0	0.0036844369141056	0.0	0.0	0.0	0.0	0.798292283441957	0.00327283447109	35.97049606698301	0.943821265507861	0.209397525937377	0.0010073159604167	0.0	0.0	0.0	0.0	14.52735773690535	0.0	0.0188139256382105	0.0	0.0	0.0	0.0	0.0	0.0	0.0	0.0	0.0	0.0	0.0	0.0651878619273123	0.0	0.0638083602515197	0.0	0.1774807548125099	0.0	0.0	0.0001749313267031	45.9044040396244	0.0799915734677274	0.0	0.030193734330428	0.0	0.0491752873138214	0.0	2.0678052216497242	0.0121133085758683	0.0010387646675307	0.0	0.0	0.0361267283541608	0.0	0.0112514653326553	0.0	0.0	0.0	0.0	0.0	0.0	0.0	0.0
2024_05_KUO_SA1_24V0856	0.0	0.0	0.0	0.0	0.0	0.0	0.0	0.0	0.0	0.000704153969145	0.0	0.0	0.0003504899098688	0.0	0.0	0.0	0.0	0.0038476140792408	0.0	0.0	0.0	0.0	0.0	0.0	0.0	0.0	0.0	0.0	0.0	0.0	0.0	0.0	0.0	0.0162726031603858	0.0	0.0003820745906799	9.689407963383e-05	0.0038165441772442	0.0005602951018106	0.0002741679503289	0.0	0.0	0.008446905452014	0.0	0.0268011196356678	0.0	0.0	0.0	0.0	0.0	0.0	0.0	0.0012464427833826	0.0039056146683381	0.0	0.0	0.0	0.0	0.0	0.0	0.0	0.0	0.0	0.0	0.0	0.0	0.000280512884624	0.0	0.0	0.0	0.0	0.0001904363932825	0.0	0.0	0.0002141339639947	0.00047038902548733385	0.0	0.0	0.0001928819751058	0.0	0.0	0.0	0.0	0.0	0.0003770791293922	0.0	0.0	0.0	0.0	0.0	0.0	0.0	0.0	0.0	0.0	0.0	0.0	0.0	0.0	0.0	0.0	0.0	0.0	0.0	0.0	0.0	0.0046525470358856	0.0	0.0	0.0	0.0	0.0	0.0	0.0182714184104996	0.0006828856514398	4.61864586422238e-05	0.0002256788412681	0.0	0.0968144660269972	0.0	0.0	0.0	0.0005518069969941	0.0	0.0	0.0	0.0	0.0001816201511073	0.0001879753053541	0.0	0.0	0.0	0.0	0.0	0.0	0.0	0.0	0.0	0.0013712932216255	0.0	0.0002507512345133	0.0004222068038449	1.16469710159343	0.34830658945926	0.0002098096674245	0.0	0.0	8.84073237145265e-05	0.0	0.0	0.4229024867460037	0.0	0.001132628253818	9.14437475784561e-05	0.0	0.0015858528725991	0.0	0.0	0.0	0.0	0.0	0.0	0.0	0.0	0.0050014135512927	0.0	0.0034853728773011	0.0001919175652302	0.0001946480447468	8.66999504108503e-06	0.0	4.06201274723102e-05	0.0059697277286799005	0.0	0.0	0.0005193459545194	0.0018140745100537	0.0	0.0	0.11866238923864231	0.0005776203347732	0.0	0.0	0.0	0.0002354014428718	0.0	0.0001941830339598	0.0010857567860068	0.0	0.0	0.0	0.0	0.0	0.0	0.0
2024_05_KUO_SA2_24V0855	0.0	0.0	0.0	0.0	0.0	0.0	0.0	0.0052872612326432	0.0026194742719742	0.0267232536825463	0.0	0.0079813043321136	0.0	0.0	0.0	0.0	0.0	0.22531368806581	0.0	0.0	0.0	0.0	0.0	0.0	0.0	0.0	0.0	0.0	0.0224057601271971	0.0	0.0	0.0	0.0034199999932672	0.0	0.0	0.0013686262685198	0.0038912197766459	0.0809738094599982	0.014123846101696	0.0124565356897631	0.0	0.0	0.176658961422063	0.0	0.954563998120795	0.0	0.0	0.0	0.0	0.0	0.0	0.0	0.0377538877120729	0.0414044261479973	0.0	0.0	0.0	0.0	0.0	0.0	0.0	0.0	0.0	0.0001776137083489	0.0312280839019131	0.0	0.0042482703935854	0.0	0.0	0.0	0.0	0.0070670606371748	0.0	0.0074792637451043	0.0097289539557424	0.0256494683880433	0.0	0.0	0.0	0.0	0.0	0.0	0.0	0.0	0.0	0.0	0.0	0.0	0.0	0.0	0.0	0.0	0.0	0.0	0.0	0.0028565356209121	0.0	0.0	0.0	0.0	0.0	0.0	0.0	0.0	0.0	0.0	0.301061542107039	0.0	0.0	0.0	0.0	0.0	0.0	0.0	0.0126403034491428	0.0	0.0007595172924473	0.0	2.94843819546943	0.0	0.0	0.0	0.0024761261265813	0.0	0.0	0.0	0.0	0.0	0.0212603433768882	0.0	0.0	0.0	0.0	0.0	0.0	0.0	0.0	0.0	0.0	0.0	0.0	0.001695826210456	47.2786259803835	0.0559544918684547	0.0174762207369285	0.0	0.0	0.0080333896195017	0.0	0.0	13.919860423461936	0.0	0.0294055924479654	0.0014326678961321	0.0	0.0	0.0	0.0	0.0	0.0	0.0	0.0	0.0	0.0	0.0965241868695546	0.0	0.104355638226924	0.0	0.053241758320778196	0.0	0.0	0.0	19.3667999130136	0.0	0.0	0.0	0.0	0.0	0.0	9.050064104008062	0.0091148436849407	0.0001352964600536	0.0	0.0	0.13963079816420998	0.0196497464401897	0.0087645004357541	0.0	0.0252537972149663	0.0	0.0	0.0	0.0	0.0	0.0
2024_05_KUO_UH_24V0854	0.0	0.0	0.0025758516115862	0.0	0.0052831140136638	0.0	0.0	0.0	0.0	0.0038932719014814	0.0	0.0025951854747638	0.009650656995848	0.0	0.0057976596171974	0.0	0.0	0.0075740652547847	0.0	0.0270782383378853	0.0046197338686057	0.0	0.0	0.0031541040141871	0.0	0.0	0.0	0.0	0.0	0.18214950681931	0.0	0.0	0.0	0.0	0.0	0.0	0.0006531582494641	0.0191784160513002	0.0	0.0	0.0	0.0	0.0277130241308635	0.0	2.29259831507003	0.0	0.0	0.0	0.0	0.0	0.0	0.0	0.0	0.0038441199856345	0.0	0.0	0.0	0.0	0.0	0.0	0.0	0.0	0.0	0.0	0.0	0.0	0.0	0.0	0.0	0.0	0.0	0.0	0.0	0.0	0.0007903589324253	0.0	0.0013862968716881	0.0	0.0	0.0	0.0	0.0	0.0	0.0	0.0	0.0	0.0	0.0	0.0	0.0	0.0	0.0014034634537536	0.0	0.0	0.0	0.0	0.0	0.0	0.0014114255405951	0.0	0.0	0.0	0.0	0.0	0.0	0.0	0.0117084164163009	0.0	0.0	0.0006831216435763	0.0	0.0	0.0	0.0089918656398813	0.0	0.0	0.0	0.0	0.524961839780902	0.0	0.0	0.0	0.0	0.0	0.0	0.0	0.0	0.0	0.0013734175820494	0.0	0.0	0.0	0.0	0.0	0.0	0.0	0.0	0.0	0.0	0.0	0.0593332373158394	0.0057287786550785	18.9229470451226	0.0082647645291536	0.0	0.0	0.0	0.0	0.0	0.0	0.5232896059588781	0.0	0.0071665379732187	0.0	0.0	0.0	0.0	0.0	0.0	0.0	0.0	0.0	0.0022891320426125	0.0013122825655321	0.0013243796912336	0.0	0.0071533426769588	0.0	0.1027575468673705	0.0	0.0	0.0008662453682026	0.0135553121353906	0.0	0.0	0.0	0.266551366318231	0.0	0.0087910926123348	0.4449962279335458	0.0	6.59471303176426e-05	0.0	0.0	0.1294421410959852	0.0190483144386207	0.060318376819234396	0.0	0.0	0.0	0.0	0.0	0.0	0.0	0.0
2024_05_KUO_WWTP_24V0853	0.0	0.0	8.14383458485299e-05	0.000244871563827	0.0	0.0003325127975875	0.0	0.0	0.0	0.0013133413832349	0.0	0.0006577368947995	0.000326041551432	0.0	0.0003263302297598	0.0	0.0	0.0123323083366246	0.0	0.0	0.0	0.0010219039331191	0.0	0.0	0.0	0.0	0.0	0.0	0.0	0.0	0.0	0.0	0.0	0.0042143508679798	0.0	0.0004196296145996	4.1300614658408e-05	0.0034009552199574	0.0008752486767873	0.0007678472608575	0.0005186905501571	0.0	0.0415558401141002	0.0	0.0842386819513915	0.0	0.0	0.0	0.0013289664130227	0.0	0.0	0.0	0.0006981688967566	0.0509235956154944	0.0	0.0	0.0	0.0001692447386828	0.0001690229819497	0.0	0.0	0.0	0.0	2.7371213562732e-06	0.0	0.0	0.0	0.0	0.0	0.0003468163458101	0.0	0.0083629393727112	0.0	0.0011525941728383	0.0	0.0028199446949768	0.0001749367233849	0.0	0.0	0.0	0.0	0.0	0.0	0.0	0.0	0.0	0.0	0.0	0.0	0.0	0.0	0.0	0.0	0.0	0.0003527918496487	0.0	0.0	0.0005263328784064	0.0	0.0	0.0	0.0	0.0	0.0	0.000634210126962	0.0	0.0162876691697059	0.0	0.0019658932364433	0.0	0.0	0.0	0.0	0.0113715038631939	0.0001416681990966	8.62115483686903e-05	0.0	0.0	0.0688538909379438	0.0	0.0	0.0	0.0004388217795589	0.0	0.0	0.0014340094214117	0.0001075165359427	0.0085152393025791	0.0005349688976498	0.0	0.0	0.0	0.0	0.0	0.0	0.0	0.0	0.0	0.0	0.0	0.0247773107878275	0.0003003051741014	1.48937523526655	0.0363728911511723	0.002154542572221	0.0	0.0	0.0002475975812362	0.0007022228624064	0.0	0.186343039903997	0.0	0.0009063115210122	0.0	0.0	0.0	0.0005283547427083	0.0	0.0	0.0	0.0	0.0	0.0	0.000166567680062	0.0004141553750251982	0.0	0.0010899771012355	0.0	0.0012764121331833	0.0	0.0	0.0	0.26126024889338	0.0	0.0	8.080577538466e-05	0.0	0.0	0.0	0.3738497873214307	0.0002593626563046	8.33996055109561e-05	0.0	0.0014339521990225	0.000225363975933	0.0	0.0032392245460988	0.0	0.0	0.0	0.0	0.0	0.0	0.0	0.0
2024_05_TRE_SA1_24V0899	0.0	0.0	0.0	0.0004491439270103	0.0009069013632042	0.0	0.0	0.0	0.0017574326869202	0.0040746823553737994	0.0004392494197073	0.0004517738430798	0.0011212989104118	0.0	0.0011222917123815	0.0	0.0	0.0224003342457779	0.0	0.0	0.0	0.0	0.0	0.0	0.0	0.0	0.0	0.0	0.0	0.0	0.0	0.0	0.0	0.0	0.0	0.0001160568755513	0.0	0.0046294691311728	0.0033571700790013	0.000469462342756	0.0	0.0	0.0774845182445156	0.0006787407365147	0.175727167456882	0.0	0.0	0.0	0.0	0.0	0.0	0.0	0.0	0.0214004767212237	0.0	0.0	0.0	0.0	0.0	0.0	0.0	0.0	0.0	0.0	0.0	0.0014334149076072	0.0014409806379356	0.0	0.0	0.0	0.0	0.0	0.0	0.0006342271821364	0.0	0.0036245472945022	0.0002411752725764	0.0	0.0	0.0	0.0	0.0	0.0	0.0	0.0	0.0	0.0	0.0	0.0	0.0	0.0	0.0	0.0	0.0	0.0	0.0	0.0	0.0009662769701158	0.0	0.0009781274111162	0.0	0.0	0.0	0.0	0.0043622607070249	0.0	0.416347140505354	0.0	0.0	0.0	0.0	0.0	0.0	0.0025029162984735	0.0018838987448443	0.0	0.0002576224230563	0.0	0.10850859550274	0.0	0.0	0.0	0.000629912201012	0.0031126218676857122	0.0	0.0	0.0	0.039495883213503	0.001376167239719	0.0	0.0	0.0	0.0	0.0	0.0	0.0	0.0	0.0	0.0011621268209677	0.0	0.0053761744292829	0.0007642632622856	3.35954806570743	0.0069015757146046	0.0859530947680008	0.0	0.0	0.0	0.0	0.0	0.5513614456544526	0.0	0.0033247169191901	0.0	0.0	0.0	0.0	0.0	0.0	0.0	0.0	0.0	0.0	0.0	0.0040925327099447	0.0	0.0109381374373938	0.0	0.0097779448453163	0.0	0.0	3.47772600395426e-05	0.07182584603831753	0.0	0.0050833969301549	0.0	0.069003568504265	0.0	0.0018823311117663	0.23345399453036308	0.0005962327909208	0.0	0.0	0.0	0.0018225360954896	0.0	0.0	0.0	0.0	0.0	0.0	0.0	0.0	0.0	0.0
2024_05_TRE_SA2_24V1627	0.0	0.0	4.68006799223646e-05	0.0006334429041025065	0.0	0.0	0.0	0.0	0.0	0.00020102047359357562	0.0	4.73749213938046e-05	0.0001416309667530786	0.0006017981771957	0.0	0.0	0.0	0.000860083035514	0.0	0.0	0.000251808006104	0.0	0.0	0.0	0.0	0.0	0.0	0.0	0.0	0.0	0.0	0.0	0.0	0.0	0.0	0.0	0.0	0.0005223147615402394	0.0002383855422407442	4.90292837281914e-05	0.0002359793028654	0.0	0.015555118281202	3.54428557071263e-05	0.0083994904492244	0.0	0.0	0.0	0.0	0.0	0.0	0.0	0.0001398986167145	0.001955628185337	0.0	0.0	0.0	0.0	2.42833716578307e-05	0.0	0.0	0.0	0.0	0.0	7.37487833237418e-05	0.0	0.0	0.0	3.96090387887505e-05	0.0	0.0	0.17245216179464	0.0	0.0002318289577283	1.43600412593029e-05	0.0001775198203951	0.0	0.0	6.51655036893684e-05	0.0	0.0	0.0	0.0	0.0	0.0	0.0	0.0	0.0	0.0	0.0	0.0	0.0	0.0	0.0	0.0	0.0	2.55311602827612e-05	7.59212101302581e-05	0.0	0.0	0.0	0.0	0.0	0.0	0.0005466982079426	0.0	0.0052331669367734	0.0	0.0	0.0	0.0	0.0	0.0	0.0063062100936291	0.0	6.19296573189077e-06	1.34526688558461e-05	0.0	0.0580073262999015	0.0	0.0	0.0	0.005775480226614	0.0003382234011196	0.0	0.0	0.0	1.0826339486086e-05	0.00013945094381541469	0.0	0.0	0.0	0.0	0.0	0.0	0.0	0.0	0.0	0.000245227512395	0.0	0.0001121042175735	3.28977268527682e-05	0.252915212623214	0.0008108780906334	0.0004361715356262	0.0	0.0	4.74294798445461e-05	2.52219233114539e-05	0.0	0.10824172467007499	0.0	0.0001519104036824	0.0	0.0	0.0	0.0010783377790131	0.0	0.0	0.0	0.0	3.84344032543682e-05	0.0	0.0	8.90442148426795e-05	0.0	0.00044061346381201935	2.5736799401828e-05	5.24718834916658e-05	0.0	0.0	0.0	0.055642954495804794	0.0	0.0	0.0	0.0	0.0	0.0001597254708567	0.01635979528348386	8.72144435259122e-05	4.19367980426037e-06	0.0	0.0	0.0002824879587263	3.12952874860797e-05	0.001492332961951083	0.0	0.0	0.0	0.0	0.0	0.0	0.0	0.0
2024_05_TRE_UH_24V0889	0.0	0.0	0.0	0.0	0.0	0.0	0.0	0.0	0.0	0.0	0.0	0.0007370959045653	0.0	0.0010917643206083	0.0007333666057818	0.0	0.0	0.0129155293528367	0.0	0.0	0.0	0.0	0.0	0.0	0.0	0.0	0.0	0.0	0.0	0.0	0.0	0.0	0.0	0.0	0.0	0.0	0.0	0.0072281984197061	0.0039054270622228	0.0	0.0	0.0	0.0185790650951706	0.0	0.53346087599742	0.0	0.0	0.0	0.0	0.0	0.0	0.0	0.014908091576955199	0.0076476304309735	0.0	0.0	0.0	0.0	0.0034186299441691	0.0	0.0008036031026071	0.0	0.0	9.84187533047185e-05	0.0	0.0023416786693501	0.0035310574819189	0.0	0.0	0.0	0.0	0.0058723798635829	0.0	0.0	0.0	0.0	0.0	0.0	0.0	0.0	0.0	0.0	0.0	0.0	0.0	0.0	0.0	0.0	0.0	0.0	0.0	0.0	0.0	0.0	0.0	0.0	0.0	0.0007886284528442	0.0	0.0	0.0	0.0	0.0	0.0	0.0	0.0	0.0062115051572048	0.0	0.0	0.0	0.0	0.0	0.0	0.0	0.0	0.0	0.0	0.0	0.717178915941009	0.0197968293139085	0.0	0.0	0.0016293251393378	0.159784072639358	0.0	0.0	0.0	0.0029636047767894	0.0019868146920816	0.0	0.0	0.0	0.0	0.0	0.0	0.0	0.0	0.0	0.0	0.0	0.0249429073774283	0.0056015050369369	2.635399397043586	1.24303179675359	0.0	0.0	0.0	0.0	0.0	0.0	6.85313110677651	0.0	0.0183309019207723	0.0	0.0	0.0	0.0	0.0	0.0	0.0	0.0	0.0	0.0	0.0	0.0003781877493517	0.0	0.0057451276783723	0.0	0.0106651589751123	0.0	0.0	0.0	5.953490702985458	0.0	0.0	0.0	0.0	0.0	0.0	0.012774905140532101	0.0	0.0008808981092924	0.0	0.0	0.001999309098383	0.0569734331999109	0.0608924281001628	0.0	0.0	0.0	0.0	0.0	0.0093086246056728	0.0	0.0
2024_05_TRE_WWTP_24V0894	0.014251424994692	0.0	0.0	0.0189870209425296	0.0	0.0	0.0	0.0	0.0236434526238614	0.031841847814902596	0.0	0.017000100796243298	0.0042134726115356	0.0084301412832065	0.0	0.0	0.0	0.213527325550459	0.0	0.0	0.0	0.0	0.0	0.0	0.0	0.0	0.0	0.0	0.0	0.0	0.0395976351248004	0.0	0.0299684014157462	0.020265132213999	0.0	0.0	0.0	0.0607041834685765	0.033769714996018003	0.0	0.0	0.0	1.57874149837376	0.0	2.20324946876273	0.0	0.0	0.0	0.0	0.0	0.0	0.0	0.0408978782860979	0.964363208399298	0.0	0.0	0.0	0.0	0.0	0.0	0.0	0.0	0.0178581728843503	0.0002829770823615	0.0202641058195393	0.0	0.0270736571458237	0.0	0.0	0.0	0.0	0.855595579047213	0.0	0.0059580430262834	0.0025833882515947	0.045567049072271104	0.0	0.0	0.0	0.0	0.0	0.0	0.0	0.0	0.0	0.0	0.0	0.0	0.0	0.0	0.0	0.0	0.0	0.0	0.0136775094113559	0.0	0.0091861713114979	0.0	0.0	0.0	0.0	0.0	0.0	0.0	0.0	0.0	1.33691409535835	0.0	0.0	0.0	0.0	0.0	0.0	0.205737360212952	0.0048821186477405	0.0005572098531834	0.0	0.0	1.11278938841675	0.0	0.0	0.0	0.21105776128106	0.0047168051346917	0.0	0.0	0.0	0.213269992164704	0.0069306836422703	0.0	0.0	0.0	0.0	0.0	0.0	0.0	0.0	0.0	0.0330875376530751	0.0	0.634339527107109	0.0029092196501979	29.04129278371551	0.507871272866262	0.151873104046836	0.0	0.0	0.0	0.0	0.0	17.663093313700198	0.0	0.0390412280738664	0.0	0.0	0.0	0.0	0.0	0.0	0.0	0.0	0.0	0.0074823179477293	0.0	0.0427177562781319	0.0	0.0921159313350374	0.0069230084665867	0.0376708676183116	0.0	0.0	0.0	25.525778849940767	0.0	0.0	0.0	0.270965062563181	0.0	1.81913383862983	0.7622082593923277	0.020755513908709	0.0050428206064123	0.0	0.0	0.0	0.0	0.0630044284858554	0.0305642301500227	0.0	0.0	0.0	0.0	0.0	0.0	0.0
2024_06_KUO_SA1_24V1052	0.0018260865815869	0.0	0.0	0.0043619166527125	0.0	0.0	0.0	0.0	0.0021182513822845	0.0010861826641874	0.0	0.0	0.0	0.0	0.0032120089708695	0.0	0.0048658674521694	0.042833543799764	0.0	0.0	0.0	0.0	0.0	0.0	0.0	0.0	0.0	0.0	0.0	0.0	0.0	0.0	0.0041899420829352	0.0409058933076356	0.0	0.0	0.0	0.0610561881776	0.1040540212829411	0.0045217382020248	0.0028724405760375	0.0	0.0381447622049331	0.0	1.40102488396423	0.0	0.0	0.0	0.0	0.0	0.0	0.0	0.0084797886722079	0.201292754895114	0.0	0.0	0.0	0.0	0.0	0.0	0.0	0.0	0.0	0.0	0.0034007501797958	0.0103547074335545	0.0659259516178288	0.0017897560632098	0.0	0.038382637059889	0.0023085049167549	0.0034655657752745	0.0	0.0	0.0	0.0034939316310121	0.0	0.0023539692058468	0.0	0.0082437629103623	0.0	0.0	0.0	0.0	0.0	0.0	0.0	0.0	0.0	0.0	0.0	0.0	0.0	0.0	0.0070116930412911	0.0029163544914779	0.0	0.0046700234563654	0.0	0.0035514968285747	0.0	0.0	0.0	0.0	0.0042016151434744	0.0	0.160222748274228	0.0	0.0	0.0	0.0	0.0	0.0	1.45397958740533	0.0	0.0	0.0003101689544451	0.0	4.09558885723224	0.0	0.0	0.0	0.0	0.0087049505493526	0.0	0.0	0.0	0.0	0.0395058740621504	0.0	0.0	0.0	0.0	0.0	0.0	0.0	0.0	0.0	0.0155199207834706	0.0	0.171915916566078	9.94262652328803e-05	2.30436636399649	0.780379032770945	0.0116785251771095	0.0	4.5190841367382e-05	0.0032806469104902	0.0011630491564816	0.0	2.4741468359556644	0.0	0.0620441782802427	0.0	0.0034841349104711	0.0	0.0	0.0	0.0	0.0	0.0	0.0	0.0	0.0	0.0432505272866323	0.0	0.05311788310898	0.0	0.0024065011692015	0.0	0.0	0.0005303619637925	0.3302398309838128	0.0	0.0	0.0	0.0	0.0135291369076541	0.0	2.441020134845294	0.0053020750606592	0.0	0.0	0.0	0.0	0.0	0.0047034040736527	0.002238366998907	0.0	0.0	0.0	0.0	0.0	0.0	0.0
2024_06_KUO_SA2_24V1051	0.0	0.0	0.0	0.0007108632478227	0.0	0.0002205462517842	0.0	0.0	0.0	0.0004354245210163	0.0	0.000652638584132	0.0010884304979655	0.0	0.0020548452469279	0.0	0.0	0.037642356888791	0.0	0.0	0.0	0.0	0.0	0.0	0.0	0.0	0.0	0.0	0.001374104684899	0.0	0.0	0.0	0.0	0.0	0.0	0.0	0.0	0.0160988501662779	0.0045342202000339	0.0	0.0006880652865276	0.0	0.697040045328992	0.0026180430179295	0.201309997045442	0.0	0.0	0.0	0.0	0.0	0.0	0.0	0.0004630755099028	0.001773450352698	0.0	0.0	0.0	0.0	0.000333338679756	0.0	0.0	0.0	0.0	0.0001270818152351	0.0	0.0013822442387675	0.0027790797687279	0.0012542961856711	0.0	0.0008147550383049	0.0	0.0	0.0	0.0051984832468016	0.0	0.0021016796685593	0.0002325656927961	0.0	0.0004797059783095	0.0	0.0	0.0	0.0	0.0	0.0	0.0	0.0	0.0	0.0	0.0	0.0	0.0	0.0	0.0001190992739138	0.0	0.0	0.0	0.0004655109813912	0.0	0.0	0.0	0.0	0.0	0.0	0.0033652278615422	0.0	0.0670449804260979	0.0	0.0	0.0	0.0	0.0	0.0	0.004525436444625	0.0006264298303599	0.0001715908517542	6.21064264361133e-05	0.0	0.110302738089514	0.0	0.0	0.0	0.0	4.84174622299814e-05	0.0	0.0	0.0	0.0013245111061497	0.002661008278522	0.0	0.0	0.0	0.0	0.0	0.0	0.0	0.0	0.0	0.0031133645457387	0.0	0.0179375168197893	0.0008567779676142	3.7083880336066	0.0103987504107574	0.0	0.0	0.0	0.0002189658819698	0.0	0.0	0.1618641137109743	0.0	0.0004007537160642	0.0	0.0	0.0	0.000116790770379	0.0	0.0	0.0	0.0	0.0	0.0	0.0	0.0036175660557725	0.0	0.009164040941949201	0.0	0.0010867871386063	0.0	0.0	0.0001173751819946	0.0084090535305231	0.0	0.0	0.0	0.0	0.0	0.0078277689846196	0.0474958772155748	0.00506669413372	1.6594973663432e-05	0.0	0.0	0.043991247827465794	0.0	0.0059909105099264	0.0	0.0	0.0	0.0002269520381424	0.0	0.00010961970261	0.0	0.0
2024_06_KUO_UH_24V1050	0.0	1.43877252609878e-05	0.0	0.00044660941260009997	0.0001015468248771	0.0	9.76280503580143e-05	0.0	0.0	0.0	0.0	0.0001996553280361	0.0	0.0	0.00030003040146861244	0.0	0.0	0.001819765473654	0.0	0.0	0.0	0.0	0.0	0.0	0.0	0.0	0.0	0.0	0.0	0.0	0.0	0.0	0.0	0.0004766729241914	0.0	0.0	0.0	0.0002016316052258	0.00013353084282792359	0.0	0.0	0.0	0.0035004193588387	0.0	0.055608095370625	0.0	0.0	0.0	0.0	0.0	0.0	0.0	0.0	0.0	0.0	0.0	0.0	0.0	2.5689404105278e-05	0.0	0.0	0.0	0.0	0.0	0.0	0.0	0.0	0.0	0.0	0.0	0.0001058290480612759	0.0	0.0	0.0	0.0	2.66641550566411e-05	0.0	0.0	0.0001102243328919	0.0	0.0	0.0	0.0	0.0	0.0	0.0	0.0	0.0	0.0	0.0	0.0	0.0	0.0	0.0	0.0	0.0	0.0	0.0	0.0	0.0	0.0	0.0	0.0	0.0	0.0	0.0	0.0	0.0	0.0	0.0	0.0	0.0	0.0	0.0158314847877677	0.0	0.0	0.0	0.0	0.0297214297116514	0.0	0.0	0.0	0.0	0.0	0.0	0.0	0.0	0.0	5.07471288032824e-05	0.0	0.0	0.0	0.0	0.0	0.0	0.0	0.0	0.0	6.41143008932249e-05	0.0	0.0143030831729462	0.0002498936436728	0.0006572533506812	0.00019064921726373807	0.0	0.0	0.0	0.0	0.0	0.0	0.005453268236004477	0.0	0.0006887407451925	0.0	0.0	0.0	0.0	0.0	0.0	2.15310270295938e-05	0.0	0.0	0.0	0.0	0.0010801596260927	0.0	8.34186067783922e-05	0.0	0.0	0.0	0.0	0.0	0.0007705660160376294	0.0	0.0	0.0	0.0	0.0	0.0	0.0067380523863148	0.0	4.05622694566505e-05	0.0	0.0	0.000205946987533	0.0	0.01687497981262031	0.0	0.0	0.0	0.0	0.0	0.0	0.0	0.0
2024_06_KUO_WWTP_24V1049	0.0	0.0006911378856144	0.0	0.0035994643565445	0.0011648510694139	0.0	0.0	0.0007306524214965	0.0011257727530223	0.0027548291452657	0.0026730484789508	0.0	0.000574623549786	0.0	0.0	0.0013036112813811	0.0	0.0595068179945692	0.0	0.0	0.0	0.0	0.0011940641148785	0.0	0.0	0.0	0.0	0.0	0.0045640352142572	0.0	0.0	0.0	0.0150476666165242	0.0314372169579562	0.0	0.0	0.0	0.026440592982960198	0.006800180569815	0.0040598179905869	0.0003056598648465	0.0010698095269629	0.489289610881836	0.0013043591937628	0.616680813057495	0.0020299089952934	0.0	0.0	0.0	0.0	0.0	0.0	0.0	0.28488340299502	0.0	0.0	0.0	0.0	0.0	0.0	0.0	0.0	0.0	8.20074757695601e-05	0.0024879107463206	0.0029841957766026	0.0032307118398499	0.0	0.0	0.0007818081412409	0.0023033433335465	0.00383777527807	0.0	0.0	0.0001761582267727	0.0048062918667274	0.0	0.0	0.0	0.0	0.0	0.0	0.0	0.0	0.0	0.0	0.0	0.0	0.0	0.0	0.0	0.0	0.0	0.0009494006436784	0.0	0.0	0.0	0.0015522188728303	0.0012623531786389	0.0	0.0	0.0	0.0	0.0	0.0022354946654166	0.0	0.178671757173734	0.0	0.0220527726718274	0.0	0.0	0.0	0.0	0.177166105259181	0.0	7.59706634608261e-05	0.0005363386014494	0.0	0.323213229477351	0.0	0.0	0.0	0.672950319019478	0.002219270678158	0.0	0.0033598175430099	0.0018948975451981	0.0307453809796237	0.006750287114882099	0.0	0.0	0.0	0.0	0.0	0.0	0.0	0.0	0.0081914440949935	0.0	0.0	0.590552971786345	0.0013430102756031	5.47846431562298	0.0985514073877688	0.0277887329206891	0.0006728316290999	0.0001940938797492	0.0002909146608737	0.0003094036574208	0.0	0.6743369469952304	0.0	0.0042594811704518	0.0006040111781957	0.0	0.0	0.0	0.0	0.0	0.0	0.0	0.0	0.0	0.0001457370560723	0.0051703511628999	0.0	0.0125676996850287	0.0025249083030339	0.0017817827758961	0.0	7.0120349714666e-05	0.0003193115273495	0.2970355290946522	0.0	0.0	0.0	0.0072485872600126	0.0	0.0	1.100375947662982	0.0036562437627559	1.46985490527149e-05	0.0	0.0	0.0088151141424094	0.0	0.0104461444186493	0.0	0.0	0.0	0.0	0.0	0.0	0.0	0.0
2024_06_TRE_SA1_24V1641	0.0	0.0	0.0	0.0	0.0	0.0	0.0	0.0	0.0	0.0033246699296914	0.0012925326071308	0.0013276968555323	0.0019797163147259	0.000652158328064	0.0040069475180244	0.0	0.0	0.0411969275374736	0.0	0.0	0.0	0.0	0.0	0.0	0.0	0.0	0.0	0.0	0.0	0.0	0.0	0.0	0.0	0.0	0.0	0.0013660329571456	0.0	0.0180808172104942	0.0109748411821146	0.0013814369663515	0.0	0.0	0.0207738308796	0.0	0.442277950858749	0.0	0.0	0.0	0.0	0.0	0.0	0.0	0.0	1.55119987314357	0.0	0.0	0.0	0.0	0.0	0.0	0.0	0.0	0.0	0.0	0.0	0.003690713058326	0.0005300275814868	0.0	0.0	0.0	0.0	0.0	0.0	0.0	0.0	0.0021304903030635	0.0	0.0	0.0	0.0	0.0	0.0007224448993924	0.0	0.0	0.0	0.0	0.0	0.0	0.0	0.0	0.0	0.0	0.0	0.0	0.0	0.0	0.0	0.00214331580222	0.0	0.0	0.0	0.0	0.0	0.0	0.0	0.0	0.779598539233988	0.0	0.0	0.0	0.0	0.0	0.0	0.0018412664784233	0.0	0.0	0.0	0.0	0.220846896215604	0.0	0.0	0.0	0.0	0.0	0.0	0.0	0.0	0.0	0.0041842578578253	0.0	0.0	0.0	0.0	0.0	0.0	0.0	0.0	0.0	0.0032565211928959	0.0	0.0604320080566204	0.0005318383180607	2.13904067702359	0.0	0.0	0.0	0.0005026661414222	0.0040090838639606	0.0	0.0	1.1314009609877598	0.0	0.004891645651343	0.0	0.0	0.0	0.0007099703239712	0.0	0.0	0.0	0.0	0.0027072955893865	0.0	0.0	0.0098682918717397	0.0	0.0380136848491672	0.0007228449242537	0.0007391127718059	0.0	0.0	0.0	19.10016698160711	0.0	0.0	0.0032710045933404	0.0264421336807643	0.0	0.0581588259819585	0.037762706042009	0.0043045280257667	0.0006245604464649	0.0	0.0	0.0	0.0	0.004938235899711	0.0	0.0	0.0	0.0	0.0	0.0	0.0	0.0
2024_06_TRE_SA2_24V1644	0.0	0.0	0.0	0.0	0.0008359632809414	0.0	0.000401851389189	0.0	0.0011988384040686	0.0084426968529584	0.00339586804202	0.0028748757031106	0.0016376375683333	0.0	0.0	0.0	0.0	0.0518337193445807	0.0	0.0	0.0	0.0	0.0	0.0	0.0	0.0	0.0	0.0	0.0	0.0	0.0	0.0	0.0	0.000245256967737	0.0	0.0	0.0	0.0096469621184694	0.0087622450290573	0.0004269936784861	0.0	0.0	0.991662780401682	0.0	0.257364821369674	0.0	0.0	0.0	0.0	0.0	0.0	0.0	0.058786368787094	0.0121653371371983	0.0	0.0	0.0	0.0	0.0004173331880226	0.0	0.0	0.0	0.0	0.0	0.0006422746138789	0.00130374483415	0.0032765653769341	0.0	0.0	0.0	0.0080419251108373	0.0015272036675783	0.0	0.0017305605125208	0.0	0.0037397314912702003	0.0	0.0	0.0	0.0	0.0	0.0	0.0	0.0	0.0	0.0	0.0	0.0	0.0	0.0	0.0	0.0	0.0	0.0	0.0	0.0	0.0	0.0041879339161885	0.0	0.0	0.0	0.0	0.0	0.0	0.0015870561501256	0.0	0.0496512483991789	0.0	0.008909273299743	0.0	0.0	0.0	0.0	0.0478064290525154	0.0	0.0	0.0	0.0	1.07369382657674	0.0	0.0	0.0	0.0378133051796962	0.0	0.0	0.0	0.0	4.71430354493029e-05	0.004312954658368	0.0	0.0	0.0	0.0	0.0	0.0	0.0011103715634822	0.0	0.0	0.0015098560380521	0.0	0.0	0.0006819976131687	3.76137928548216	0.162162110662814	0.0049014154408678	0.0	0.0008461259958679	0.0012391831897718	0.0021965651941722	0.0	0.7343047176542726	0.0	0.0234356530421599	0.0	0.0	0.0	0.0	0.0002235816740099	0.0	0.0	0.0	0.0040166804761786	0.0	0.000416821255001	0.0109601426710983	0.0	0.0132391315375162	0.0046919654205749	0.0018245444717343	0.0	1.99123592617267e-05	0.0005588183534617	20.85825613517506	0.0	0.0	0.0394308494628124	0.0	0.0	0.6882445124163	0.5733797733763984	0.0046164973718827	0.0	0.0	0.0	0.0016954160763422	0.0209197102301208	0.019454144736584102	0.0004227438723619	0.0	0.0	0.0	0.0	0.0	0.0	0.0
2024_06_TRE_UH_24V1631	0.0	0.0	0.0206450942154565	0.0003834671492838	0.0001955816523409	0.0	0.0	0.0	0.000703898726963	0.0	0.0	0.0006732923459899	0.0005188350979039284	9.43222868133661e-05	0.0004297639703231	0.0	0.0	0.003364716022341	0.0	0.0	0.0	0.0	0.0	0.0	0.0	0.0	0.0	0.0	0.0	0.0	0.0756434494379254	0.0	0.0	0.0	0.0	0.0	0.0	0.0012214027353756231	0.0001025025177137	0.0	0.000151837263875	0.0	0.0030045391588491	0.0	0.162015599384278	0.0	0.0	0.0	0.0	0.0	0.0	0.0	0.0060511291723796	0.0	0.0	0.0	0.0	0.0	9.89568331387083e-05	0.0	0.0	0.0	0.0	0.0	0.0	0.0	0.0009199007923442	0.0	0.0	0.0	0.0	0.0027537394819574	0.0	0.0	0.0	0.000205423242354	0.0	0.0	0.0	0.0	0.0	0.0	0.0	0.0	0.0	0.0	0.0	0.0	0.0	0.0	0.0	0.0	0.0	0.0	0.0	0.0	0.0001031183165639	0.0	0.0	0.0	0.0	0.0	0.0	0.0	0.0003713070553169	0.0	1.84018600297949	0.0	0.0	0.0	0.0	0.0	0.0	0.0251657415457094	0.0	0.0	0.0	0.0	0.0319412992064783	0.0114430083411306	0.0	0.0	0.0068920041659398	0.000127952316902	0.0	0.0	0.0	0.0	0.0006270072206348	0.0	9.93996512917376e-05	0.0	0.0	0.0	0.0	0.0	0.0	0.0	0.001249154069657	0.0	0.0324902672603843	0.0005835958098544	0.524627158104167	0.0020805469711146	0.0	0.0	0.0	0.0	0.0	0.0	0.0056743846138306	0.0	0.0013265314119109	0.0	0.0	0.0	0.0051397750817655	0.0	0.0	0.0	0.0	0.0	0.0	0.0	9.80574591683488e-05	0.0	0.0013772559580021	0.0	0.0	0.0	4.65868802518366e-06	0.0	0.132828061408676	0.0	0.0	0.0	9.4428425920808e-05	0.0	0.0	0.0014577953917015	0.0003939093321548	0.0003491162525411	0.0	0.0	0.0017914472300137	0.000863834943399	0.0641376270023289	0.0099894046100022	0.0	0.0	0.0	0.0	0.0	0.0	0.0003096085886231
2024_06_TRE_WWTP_24V1636	0.0	0.0	0.0	0.0	0.0	0.0	0.0	0.0	0.0	0.0	0.0	0.0	0.0	0.0	0.001404340338438	0.0064073027941235	0.0	0.0217803097764972	0.0	0.0	0.0	0.0	0.0	0.0	0.0	0.0	0.0	0.0	0.0	0.0	0.0	0.0	0.0219140436142209	0.0	0.0	0.0	0.0	0.0484299292419162	0.0422606722751165	0.0	0.0	0.0	0.131194902467216	0.0021369929380285	0.238516530212122	0.0	0.0	0.0	0.0	0.0	0.0	0.0	0.0298437056507669	0.108437593321462	0.0	0.0	0.0	0.0	0.0043339377141376	0.0	0.0015487645284756	0.0	0.0	4.74200116825725e-05	0.0034019695777201	0.0067695897049382	0.0	0.0	0.0919452743767112	0.011229036668375601	0.0045045697687254	0.0731877514568732	0.0	0.0	0.0038962120198575	0.007646428960916701	0.0	0.0	0.0	0.0	0.0	0.0	0.0	0.0	0.0	0.0	0.0	0.0015459789807625	0.0	0.0	0.0	0.0	0.0	0.0	0.0	0.0	0.0	0.0	0.0	0.0	0.0	0.0	0.0	0.0	0.0	0.0	0.230019620724207	0.0	0.0077481182034055	0.0	0.0	0.0	0.0	0.0413718366593761	0.0	0.0	0.0	0.0	0.818502323814916	0.0071538643232723	0.0	0.0	0.0467718320511931	0.0044248537695183	0.0	0.0095553425359446	0.0	0.428376203982498	0.0038297387445007	0.0	0.0	0.0	0.0	0.0	0.0	0.0076873528294933	0.0	0.0	0.0	0.0	0.373741730021159	0.0004877549603204	18.345390107233	0.307832949668085	0.0933174133028136	0.0	0.0002326096728273	0.0028597149258992	0.0030414632751637	0.0	1.814849883627673	0.0	0.0366371674522999	0.0	0.0	0.0	0.0083857072453585	0.0	0.0	0.0	0.0	0.0	0.0	0.0	0.0046529906773981	0.0	0.0560907086104101	0.0	0.0	0.0	0.0	0.0	23.2629736232233	0.0018717480859215	0.0	0.0355249432564845	0.0188614074749744	0.0	0.443002716230773	0.39613069199835343	0.0031964279528886	0.0	0.0	0.0	0.0	0.0	0.011975502826837	0.0	0.0	0.0	0.0	0.0	0.0	0.0	0.0
2024_07_KUO_SA1_24V1152	0.0	0.0	0.0	0.0	0.0	0.0	0.0	0.0	0.0	0.0	0.0	0.0	0.0	0.0	0.0009840189815681	0.0	0.0	0.0086649200686223	0.0	0.0	0.0	0.0	0.0	0.0	0.0	0.0	0.0	0.0	0.0	0.0	0.0	0.0	0.15193146938376	0.0029553464778445	0.0	0.0	0.0	0.0197450612624669	0.0184412570864992	0.0038589553910109	0.0005229667967382	0.0	0.0	0.0	0.206244240406591	0.0	0.0	0.0	0.0	0.0	0.0	0.0	0.0	0.0080625772329996	0.0	0.0	0.0	0.0	0.0	0.0	0.0	0.0	0.0	0.0	0.0	0.0015710125339818	0.0019741306506998	0.0	0.0062350294413427	0.0165357019669878	0.0	0.0	0.0	0.0	0.0	0.0026580910809647002	0.0	0.0	0.0	0.0	0.0	0.0	0.0	0.0	0.0	0.0	0.0	0.002152643627083	0.0005400287427653	0.0	0.0	0.0	0.0	0.0	0.0	0.0029202905661704	0.0	0.0005307445809986	0.0	0.0	0.0	0.0	0.0	0.0	0.0057372080149543	0.0	0.0	0.0	0.0	0.0	0.0	0.0	0.0	0.0390902928324973	0.0	0.0	0.0	0.0	0.337448689203653	0.0	0.0	0.0	0.0	0.0068236786949783	0.0	0.0071514364137036	0.0014589282925175	0.0311872395616194	0.0108834684136054	0.0	0.0	0.0	0.0	0.0	0.0	0.0	0.0	0.0	0.0	0.0	0.513804104121612	0.0015733806235059	0.0983653972340942	0.0072489079391668	0.0014765514098614	0.0	0.0	0.0	0.0	0.0	0.0421997683036062	0.0002554391275373	0.0095651484446041	0.0	0.0	0.0	0.0024309093193382	0.0	0.0	0.0	0.0	0.0	0.0	0.0	0.0	0.0	0.0229895406827966	0.0005520617420009	0.0	0.0	0.0	0.0	0.3189611770319775	0.0	0.0	0.0	0.0153200239529106	0.0	0.0	0.0365588226939951	0.0110125099468874	0.0	0.0	0.0	0.0	0.0	0.0070708517502784	0.0	0.0	0.0	0.0	0.0	0.0	0.0	0.0
2024_07_KUO_SA2_24V1151	0.0	0.0	0.0	0.0	0.0	0.0019073438332729	0.0	0.0	0.0136156989661344	0.0037796145581317	0.0	0.0006304993525206	0.0	0.0	0.0018714062724285	0.0	0.0	0.0659324186479972	0.0	0.0	0.0	0.0	0.0	0.0	0.0	0.0	0.0	0.0	0.0	0.0	0.0	0.0	0.0	0.0	0.0	0.0	0.0	0.018719872961758102	0.0013486524759655002	0.0	0.0	0.0	0.246507749958534	0.0	0.391853504026234	0.0	0.0	0.0	0.0	0.0	0.0	0.0	0.0	0.0037975573010944	0.0	0.0	0.0	0.0	0.0	0.0	0.0	0.0	0.0	6.28021727606875e-05	0.0034352555251543	0.0009961686054365	0.0020028529980193	0.0	0.0	0.0043115066655628	0.0	0.0	0.0	0.0	0.0	0.0138006764093642	0.0	0.0	0.0	0.0	0.0	0.0010146085837354	0.0	0.0	0.0	0.0	0.0	0.0	0.0	0.0	0.0	0.0	0.0	0.0	0.0	0.0	0.0	0.0013498500298595	0.0	0.0	0.0	0.0	0.0	0.0	0.0	0.0	0.0	0.0	0.0	0.0	0.0	0.0008172675503846	0.0	0.0069577248718217	0.0	0.0	0.0	0.0	0.34374085770249	0.0	0.0	0.0	0.0	0.0	0.0	0.0	0.0030836557764554	0.0046107095216255	0.0073495110759052	0.0	0.0	0.0	0.0	0.0	0.0	0.0	0.0	0.0	0.0032636632048439	0.0	0.0029889886900882	0.000487827546595	0.207070653990241	0.0	0.0	0.0	0.0	0.0018936763662655	0.0	0.0	1.0169194016801075	0.0	0.0034658268857997	0.0	0.0	0.0	0.0	0.0	0.0	0.0	0.0	0.0	0.0	0.0	0.0	0.0	0.045442891300637694	0.0	0.012179713256186699	0.0	0.0	6.44503127008317e-05	0.0070358736803304	0.0	0.0	0.0	0.0	0.0	0.0	0.0016456463173504998	0.0252286293861745	0.0	0.0	0.0	0.022472425094188002	0.0041232254547991	0.0051925237470852	0.0012920447705923	0.0	0.0	0.0	0.0	0.0	0.0	0.0
2024_07_KUO_UH_24V1150	0.0	0.0	0.0042507214914885	0.015420149998175899	0.0066801676603201006	0.0030050612112284	0.0	0.0026540623995585	0.0125202677007667	0.0029664465569874	0.0	0.007585793188362701	0.0174136871233685	0.0	0.0327463455412444	0.0	0.0	0.0149084084746317	0.0	0.0	0.0	0.0	0.0	0.0	0.0	0.0	0.0	0.0	0.0	0.0	0.0	0.0	0.0	0.0	0.0	0.0	0.0	0.029097747581628402	0.0171877647779238	0.0041122169202683	0.0	0.0	14.4230362459645	0.0009908956434381	4.12945937367089	0.0	0.0	0.0	0.0	0.0	0.0	0.0	0.0	0.0	0.0	0.0	0.0	0.0	0.0	0.0	0.0	0.0	0.0	0.0	0.0	0.0047084551570924	0.0394442244179212	0.0	0.0	0.0	0.0	0.545870535556155	0.0	0.0018518203429371	0.0	0.0088082981768294	0.0003520925060844	0.0	0.0	0.0	0.0	0.0	0.0	0.0	0.0	0.0	0.0	0.0014337004204588	0.0	0.0	0.0007084212906122	0.0	0.0	0.0036062035909925	0.0	0.0	0.0014267914964995	0.004597954762004	0.0	0.0	0.0	0.0	0.0	0.0	0.0025473910125556	0.0	0.0	0.0	0.0	0.0076802757734698	0.0	0.0	0.0	0.0895233683559126	0.0	0.0	0.0	0.0	1.14914723175999	0.0	0.0	0.0	0.0	0.0	0.0	0.0	0.0	0.0	0.008385467405145001	0.0	0.0	0.0	0.0	0.0	0.0	0.0	0.0	0.0	0.0096939070524567	0.0	22.7417455938381	0.0038297372969936	0.0045949992360752	31.465356449472	0.0	0.0	0.0	0.0006630061829223	0.0	0.0	0.0	0.0020415261306296	0.0030336026460996	0.0	0.0	0.0	0.0007044722392302	0.0	0.0	0.0	0.0	0.0	0.0	0.0	0.0023657786991564	0.0	0.004357473859846	0.0007353666363238	0.0	0.0	0.0	0.0001184666619962	0.0205120186073849	0.0	0.0	0.0	0.0	0.0	0.0	0.1189890065116702	0.004426760801696	0.0007202195336678	0.0	0.0	0.019572570918585	0.001609128360105	0.1013403341909222	0.0	0.0	0.0	0.0	0.0	0.0	0.0	0.0007080340693547
2024_07_KUO_WWTP_24V1149	0.0	0.0	0.0	0.0026688763257117	0.0014894914170734	0.0004941935049215	0.0004773369108286	0.0	0.0028104410259928003	0.0080700108285768	0.0014236809670864	0.0014639028595056	0.0004845756861729	0.0	0.0038430943670119	0.0003664418391328	0.0014554744371555	0.0921776385570555	0.0	0.0	0.0	0.0	0.0	0.0	0.0	0.0	0.0	0.0	0.0	0.0	0.0	0.0	0.070184361713491	0.0716664687397658	0.0	0.0	0.0	0.0358656210121601	0.0176497647791214	0.0058328234330543	0.0010278642017654	0.0002577606483386	1.14296743908363	0.0	1.96580831858179	0.0	0.0	0.0	0.0	0.0	0.0	0.0	0.118500663784654	0.0903157952865592	0.0	0.0	0.0	0.0	0.0040193369021867	0.0	0.0	0.0	0.0	0.0001139044661602	0.0007629222850549	0.0046459378893612	0.0085625094298716	0.0	0.0635113643648597	0.0397133062095148	0.0	0.0396184800727298	0.0	0.0020556365643421	0.0	0.006271403410383	0.0	0.0	0.0010752899301649	0.0	0.0	0.0002638986513892	0.0	0.0	0.0	0.0	0.0	0.0010609981750653	0.0	0.0	0.0	0.0	0.0	0.0008006223701321	0.0020973320960952	0.0	0.0	0.0015707206272198	0.000530792830106	0.0	0.0	0.0	0.0	0.0	0.0018851757151849	0.0	0.397587712989726	0.0	0.040672435834773	0.0	0.0006570334826398	0.0	0.0	0.196724999076811	0.0	0.0	0.0	0.0	0.600323039536216	0.0	0.0	0.0	0.0052709656668818005	0.0167620780359339	0.0	0.0050672636007021	0.0010466623187351	0.811587554927661	0.0188957332519163	0.0	0.0	0.0	0.0	0.0010541436164085	0.0	0.0	0.0	0.0	0.0179347399657912	0.0	2.34007236185161	0.0073797420878084	3.29289667809516	0.606763553828559	0.0113531315504677	0.0	0.0	0.0073597838861538	0.0013045888012677	0.0	0.4906450734872138	0.0	0.0076329749273612	0.0	0.0	0.0	0.0075936803854255	0.0	0.0	0.0	0.0	0.000795198549292	0.0	0.0	0.0014879500988304	0.0	0.028278953335802298	0.004826706446746601	0.002157517562268	0.0	2.36527838723748e-05	0.0	9.15563665236502	0.0	0.0104848171221887	0.146998359538207	0.0462645879660183	0.0	0.105241396548665	0.1674677515726753	0.0285203646544151	2.47903501191929e-05	0.0	0.0	0.008557815754204499	0.0012941098227087	0.0047586909324566	0.0	0.0	0.0	0.0	0.0	0.0	0.0	0.0
2024_07_TRE_SA1_24V1655	0.0	0.0	0.0002110337967677	0.0	0.0	0.0	0.0	0.0	0.000103453062045	0.0001067161071638	0.0	0.0	0.0	0.0	0.0	0.0	0.0	0.0044212501026926	0.0	0.0	0.0	0.0	0.0	0.0	0.0	0.0	0.0015528532087956	0.0	0.0	0.0	0.0	0.0	0.0	0.0	0.0	0.0	0.0	0.0007678201938118328	0.0004564138914255	0.0	0.0	0.0	0.0359220229956995	0.0	0.0348613022871029	0.0	0.0	0.0	0.0	0.0	0.0	0.0	0.0	0.110701482220789	0.0	0.0	0.0	0.0	0.0	0.0	0.0	0.0	0.0	0.0	0.0	0.0	0.0005937735329274	0.0	0.0	0.0311421143781481	0.0	0.0387146117603539	0.0005689636677561	0.0004480131353825	0.0	0.0003416601936081	0.0	0.0	0.0	0.0	0.0	0.0	0.0	0.0	0.0	0.0	0.0	0.0	0.0	0.0	0.0	0.0	0.0	0.0	0.0001142751039518	0.0	0.0	0.0	0.0	0.0	0.0	0.0	0.0	0.0	0.0	0.0	0.0002557985415366	0.0	0.0	0.0	0.0	0.0	0.0	0.000736683564175	0.0	0.0	0.0	0.0	0.0350246206090266	0.0003566768396074	0.0	0.0	0.0230640226066901	0.0	0.0	0.0	0.0	0.0001586590509916	0.0002765132593731	0.0	0.0	0.0	0.0	0.0	0.0	0.0005749132052835	0.0	0.0	0.0005528903970891	0.0	0.0287611547742184	0.0001910693575652	0.0013398385347911	0.0	0.0001268894374734	0.0	0.0	5.34672959181176e-05	0.0	0.0	0.0201834811762037	0.0	0.0018592719986889	0.0	0.0	0.0	0.0	0.0	0.0	0.0	0.0	0.0	0.0	0.0	0.0	0.0	0.001056761610495	0.0008401433792503	0.0001174882377618	0.0	0.0	3.00255820068003e-05	0.0021477876159143	0.0	0.0	0.0034026621954404	0.0180241543600939	0.0	0.0	0.0007855675420664	0.0097297419416377	1.62087053861357e-05	0.0	0.0	0.0001461003208391	0.0	0.0	0.0	0.0	0.0	0.0	0.0	0.0	0.0	0.0
2024_07_TRE_SA2_24V1666	0.0	0.0	0.0023886025482855	0.0012874131892252	0.0	0.0	0.0	0.0	0.0003122510882631	0.0009662996900738	0.0	0.0	0.0004781431108914	0.0	0.0	0.0	0.0	0.0173245737454262	0.0	0.0	0.0	0.0	0.0	0.0	0.0	0.0	0.0	0.0	0.0013503020829708	0.0	0.0	0.0	0.0	0.0	0.0	0.0	0.0	0.0011514640691878	0.0073579214415537	0.0006672921404734	0.0	0.0	0.173280993403897	0.0	0.0796536091891418	0.0	0.0	0.0	0.0	0.0	0.0	0.0	0.0	0.0	0.0	0.0	0.0	0.0	0.0009914953974015	0.0	0.0	0.0	0.0	0.0	0.0	0.0	0.0	0.0	0.0	0.0051039342189184	0.0	0.008175117215901	0.0012022708727309	0.0	0.0	0.0006881899064055	0.0	0.0	0.0	0.0	0.0	0.0	0.0	0.0003469074805376	0.0	0.0	0.0	0.0	0.0	0.0	0.0	0.0	0.0	0.0	0.0	0.0017215153501156	0.0	0.0006902077687753	0.0010474934763245	0.0	0.0	0.0	0.0	0.0	0.0006200502190239	0.0	0.0	0.0	0.0	0.0	0.0	0.0	0.0	0.0	0.0	0.0	0.0	0.0	0.114711344188949	0.0	0.0	0.0	0.0024622262794371	0.0	0.0	0.0	0.0	0.0005157154551195	0.0010414111569014	0.0	0.0	0.0	0.0	0.0	0.0	0.0	0.0	0.0	0.0037215210850664	0.0	0.845933491918733	9.54201002859433e-05	0.0841891010984684	1.64724162902085	0.0103406978221555	0.0	0.0	0.0012910373850234	0.000343272222508	0.0	0.0384479897361242	0.0	0.0020675117139258	0.0002493933449663	0.0	0.0004824721291104	0.0003417837792668	0.0	0.0	0.0	0.0	0.0	0.0	0.0	0.0028277626580599	0.0	0.0128122864517086	0.0006941013458969	0.0019546734488214	0.0	0.0	1.64774254702736e-05	0.0146665644181398	0.0	0.0	0.0	0.0614980040938924	0.0	0.0	0.0210217494470575	0.014331615289713	0.0	0.0	0.0	0.0008478535431897	0.0	0.0023337435257135	0.0	0.0	0.0	0.0	0.0	0.0	0.0	0.0
2024_07_TRE_UH_24V1649	0.0	0.0	0.0002645845101808	0.0001767914722545	0.0	0.0	0.0	0.0001774652202432	0.0003497324355376	0.0015117380008392001	0.0	0.0	0.0	0.0	0.0	0.0	0.0	0.0015559749921163	0.0	0.0	0.0	0.0	0.0	0.0	0.0	0.0	0.0	0.0	0.0	0.0	0.0	0.0	0.0	0.0	0.0	0.0	0.0	0.0018353607091227	0.0003789432904608	0.0	0.0	0.0	0.0021688433359287	0.0	0.112060050089714	0.0	0.0	0.0	0.0	0.0	0.0	0.0	0.0	0.0	0.0	0.0	0.0	0.0	0.0	0.0	0.0	0.0	0.0	0.0	0.0	0.0	0.0022687880044744	0.0	0.0	0.0	0.0	0.0	0.0	0.0	0.0	0.0003811525476023	0.0	0.0	0.0	0.0	0.0	0.0	0.0	0.0	0.0	0.0	0.0	0.0	0.0	0.0	0.0	0.0	0.0	0.0	0.0	0.0	0.0	0.0	0.0	0.0	0.0	0.0	0.0	0.0	0.0	0.0	0.0	0.0	0.0	0.0	0.0	0.0	0.0	0.0113297400974499	0.0	0.0	0.0	0.0	0.0325671512251195	0.0095399485360998	0.0	0.0	0.0042563935401046	0.0	0.0	0.0	0.0	0.0	9.02808720276028e-05	0.0	0.0	0.0	0.0	0.0	0.0	0.0	0.0002826231466225	0.0	0.001386377320961	0.0	0.260861249810191	0.0001787824691265	0.0772121617480417	0.0	0.0	0.0	0.0	0.0	0.0	0.0	0.007031478051314499	0.0	0.001145087060455	0.0	0.0	0.0	0.0001918964579333	0.0	0.0	0.0	0.0	0.0	0.0	0.0	0.0002716149475868	0.0	0.0047474847943079004	0.0	0.0	0.0	0.0	0.0	0.0011364119746949	0.0	0.0	0.0	0.224100896755167	0.0	0.0	0.0	0.0013142550813138	4.51594056491069e-05	0.0	0.0	0.0014352803565977	0.0	0.0071188100706902	0.0	0.0	0.0	0.0	0.0	0.0	0.0	0.0
2024_07_TRE_WWTP_24V1659	0.0	0.0	0.0	0.004633252460373	0.0260860807914875	0.0	0.0005697118284244	0.0	0.0	0.005249266580713	0.0011327958212211	0.0008758339374038001	0.0	0.0	0.0	0.0	0.0	0.0671139993133375	0.0	0.0	0.0013817920041466	0.0	0.0	0.0	0.0	0.0	0.0	0.0	0.0	0.0	0.0102666161258209	0.0	0.0448749316986457	0.0	0.0	0.0	0.0	0.0305957115068162	0.0080464090332098	0.0	0.0	0.0	0.424522543426477	0.0	0.525895491599206	0.0	0.0	0.0	0.0	0.0	0.0	0.0	0.0	0.132370831085754	0.0	0.0011454123683477	0.0	0.0	0.000591660648705	0.0	0.0	0.0	0.0	0.0	0.0	0.0	0.0009290489479767	0.0	0.0058685553978203	0.0308654719747411	0.0	0.0837427533359752	0.0	0.0	0.0	0.0049868518589936	0.0003097248996841	0.0	0.0006436701993999	0.0	0.0	0.0	0.0	0.0	0.0	0.0	0.0	0.0	0.0	0.0	0.0	0.0	0.0	0.0009555599494154	0.0	0.0	0.0	0.0006223983568249	0.0	0.0	0.0	0.0	0.0	0.0	0.0	0.0	0.0749441349246233	0.0	0.0	0.0	0.0015683670725611	0.0	0.0	0.0338880103922442	0.0	0.0	0.0	0.0	0.240776112563561	0.0	0.0	0.0	0.0754040046316505	0.0083025568593145	0.0	0.0	0.0	0.0674370355725262	0.0046758680535857	0.0	0.0	0.0	0.0	0.0	0.0	0.0072412897432493	0.0	0.0014990157608036	0.0	0.0	0.912304225481301	0.0026501764269887	0.9468377654066666	0.236574613929185	0.060802205101987	0.0	0.0	0.0	0.0	0.0	0.3331467327711102	0.0	0.0064306722965811	0.0	0.0	0.0	0.0	0.0	0.0	0.0	0.0	0.0	0.0	0.0	0.0	0.0	0.02064486450652	0.0051961341103985	0.0019593828403864	0.0	0.0	0.000403597361441	1.12343368300648	0.0	0.0	0.0263741888518846	0.0858307411427898	0.0	0.0266992555264222	0.1468149714913148	0.0295416575647136	0.0002514964183011	0.0	0.0	0.005597557345870899	0.0007045097163998	0.0012887905147095	0.0095893035468487	0.0	0.0	0.0	0.0	0.0	0.0	0.0
2024_08_KUO_SA1_24V1213	0.0	0.0	0.0	0.0013041456167199	0.0	0.0	0.0	0.0	0.0	0.0013097812230961	0.0	0.0	0.0	0.0	0.0	0.0	0.0	0.0071737692569989	0.0	0.0	0.0	0.0	0.0	0.0	0.0	0.0	0.0	0.0	0.0	0.0	0.0	0.0007056531541578	0.0	0.0	0.0	0.0	0.0	0.0105621136517531	0.0054859748092885	0.0004543808934444	0.0004604100729714	0.0002307307599704	0.122159064302577	0.0	3.08641809089743	0.0	0.0	0.0	0.0	0.0	0.0	0.0	0.0	0.0050164267094238	0.0	0.0012806460374451	0.0	0.0	0.0	0.0	0.0	0.0	0.0	0.0	0.0003486015378973	0.0006936832702827	0.002615042291748	0.0	0.0	0.0067373506748794	0.0016590200690687	0.0076614588602682	0.008928523360606599	0.0019950211851198	0.0	0.0024648816225123	0.0001162398333256	0.0	0.0002397487126214	0.0	0.0	0.0	0.0004747263065837	0.0	0.0	0.0002358637430953	0.0	0.0	0.0	0.0	0.0	0.0	0.0	0.0	0.0	0.0	0.0	0.0005856067768952	0.0	0.0	0.0	0.0	0.0	0.0	0.0008444246692331	0.0	0.0006571624491965	0.0	0.0	0.0	0.0	0.0	0.0	0.0327038885648404	0.0	0.0	0.0	0.0	0.220985398088196	0.0	0.0	0.0	0.0	0.0083829630073981	0.0	0.0	0.0003508947816499	0.0959188683016884	0.0011751034980526	0.0	0.0	0.0	0.0	0.0	0.0	0.0	0.0	0.0	0.0016066976400562	0.0	0.0325736918486369	0.0011895358216839	0.0187254476563282	0.0008349828766262	0.0059981589547621	0.0	8.04452527893027e-05	0.0004395546454818	0.0	0.0	0.0647965324701792	0.0	0.0112626870637386	0.0	0.0	0.0	0.0016425154327965	0.0	0.0	0.0	0.0	0.0	0.0003854487830386	0.0	0.0	0.0	0.0459004223877177	0.0020289446551593	0.0051426914098033	0.0	0.0	1.12200142227602e-05	0.005503142468899025	0.0	0.0	0.0	0.0	0.0	0.0	0.000230575886323	0.0032604954948405	0.0001776690249589	0.0	0.0	0.0011647949636211	0.0021336146300871	0.0052035721376321	0.0	0.0	0.0	0.0	0.0	0.0	0.0	0.0
2024_08_KUO_SA2_24V1212	0.0	0.0	0.0	0.0003087391816498	0.0	0.0	0.0	0.0	0.0008783116572893	0.0018604400203843	0.0	0.0048135638097867	0.0	0.0	0.0018720989999212	0.0	0.0	0.0425705883161975	0.0	0.0	0.0	0.0028989850964584	0.0	0.0	0.0	0.0	0.0	0.0	0.0	0.0	0.0	0.0	0.0	0.0	0.0	0.0	0.0	0.0072654589537925	0.0034603346416953	0.000322705954153	0.0	0.0	0.414263513821604	0.0	0.122458417339148	0.0	0.0	0.0	0.0	0.0	0.0	0.0	0.0663539484282287	0.0057463185731048	0.0	0.026255850726089	0.0	0.0	0.0012786462334367	0.0	0.0	0.0	0.0	0.0	0.0	0.0004926609477781	0.0029715676168056	0.0	0.0	0.0	0.05021594337884	0.0	0.0	0.0	0.0	0.0019927872431578	0.0	0.0	0.0	0.0	0.0	0.0	0.0	0.0	0.0	0.0	0.0	0.0	0.0	0.0	0.0	0.0	0.0	0.0003395959094372	0.0	0.0	0.000170629249783	0.0019993660107461998	0.0	0.0	0.0	0.0	0.0	0.0	0.001199438059684	0.0	0.0	0.0	0.0350399571044509	0.0	0.0	0.0	0.0	0.0008602457734123	0.0	0.0	0.0	0.0	0.431679438421526	0.0	0.0	0.0	3.60831954889281e-05	0.0169808908495532	0.0	0.0	0.0	0.0005700632680193	0.010722729653758	0.0	0.0	0.0	0.0	0.0	0.0	0.0	0.0	0.0	0.0016140635219301	0.0	5.14258530290125	0.0005395492251276	0.0014223331953927	0.13145129751331	0.0007408615285142	0.0	0.0	0.0	0.0	0.0	0.1516555350374753	0.0	0.0051421342202755	0.0	0.0	0.0	0.0276137368214899	0.0	0.0	0.0	0.0	0.0	0.0	0.0	0.0	0.0	0.08664819744976	0.0040964835673808	0.0048388067555722	0.0	0.0	0.0	0.0008112809444318	0.0	0.0	0.0	0.0160142527135988	0.0	0.0	0.0052129239164342995	0.0097133809121255	0.0	0.0	0.0	0.0049463481701698	0.0016215732890644	0.0	0.0	0.0	0.0	0.0	0.0	0.0	0.0003316103049337	0.0
2024_08_KUO_UH_24V1211	0.0	0.0	0.0079161481632817	0.0048681765859988	0.0026769093315055	0.00089782322254	0.0008671991016666	0.0	0.005389597365451301	0.0265615545895573	0.0	0.0	0.0	0.0	0.2422649572302503	0.0	0.0	0.17586868612986	0.0	0.0	0.257657237923239	0.0	0.0	0.0	0.0	0.0	0.0	0.0	0.0	0.0	0.0	0.0	0.0	0.0	0.0	0.0	0.0	0.0150973916693408	0.023552153698368997	0.0	0.0	0.0004679077366797	0.422460847060444	0.0	4.64210335217097	0.0	0.0	0.0	0.0	0.0	0.0	0.0	0.0	0.0	0.0	0.0	0.0	0.0	0.0	0.0	0.0	0.0	0.0	0.0	0.0	0.0	0.060809388245753	0.0	0.0	0.0	0.0507453609495678	0.224367478259225	0.0	0.0	0.0	0.0009532307585779	0.0	0.0	0.0	0.0	0.0	0.0	0.0	0.0	0.0009504994383528	0.0	0.0	0.0009637811820265	0.0	0.0	0.0	0.0	0.0	0.0	0.0	0.0	0.0	0.0	0.0	0.0	0.0	0.0	0.0	0.0	0.0	0.0	0.0	0.0	0.0321110565408607	0.000938715858198	0.0	0.0	0.0	0.028248032232867	0.0	0.0	0.0	0.0	0.543985600662507	0.0	0.0	0.0	0.0	0.0007884118930128	0.0	0.0	0.0	0.0490363262689135	0.0051686997272187	0.0	0.0	0.0	0.0	0.0	0.0	0.0	0.0	0.0	0.0045560564968527	0.0	0.0118185828128491	0.0071558297359545	0.0	0.0	0.0	0.0	0.0	0.0	0.0	0.0	0.0018407564551027	0.0	0.0628100936234155	0.0	0.0	0.0	0.0042651100347121	0.0	0.0	0.0	0.0	0.0	0.0	0.0	0.0	0.0	0.0166662378051466	0.0057858890229965	0.036363651591554004	0.0	0.0	0.0005460839077884	0.024669269713632803	0.0	0.0798211606464236	0.0	0.0	0.0	0.0	0.0	0.0085646280990504	0.0002005068757357	0.0	0.0	0.0072064245348495	0.0	0.0099977860690848	0.0	0.0	0.0	0.0	0.0	0.0005020330342813	0.0	0.0047596408743426
2024_08_KUO_WWTP_24V1210	0.0007069838413094	0.0	0.0	0.0014673806607588	0.0	0.0	6.87357624875778e-05	0.0011209833880222	0.0006777469397162	0.0009149106095189	0.0013667187625314	0.0032342456913851	0.0002733775863659	0.0	0.0002824680291918	0.0002110681880973	0.0002095860239372	0.0234719422748026	0.0	0.0	0.0028341257430755	0.0	0.0	0.0010244051578157	0.0	0.0	0.0	0.0	0.0008867575696938	0.0	0.0	0.0	0.0008121244354574	0.0001678025771349	0.0	0.0	0.0	0.013783404935317201	0.0084998009418741	0.0011685806985454	0.0011869501653907	0.0	0.227055139016667	0.0	0.329570509113455	0.0	0.0	0.0	0.0	0.0	0.0	0.0	0.059707927201485406	0.0	0.0	0.0023821538164556	0.0	0.0	0.0006511254481871	0.0	0.0006887580624482	0.0	0.0	4.68630386310579e-06	0.0	0.001784020614096	0.0011208980512844	0.0	0.0	0.0052789591860854	0.0023923646759254	0.0412838424795263	0.0051880730994999	0.0019733894927187	0.0	0.0028590597072102	0.0001500827344557	0.0	0.0	0.0	0.0	0.0007600825878713	0.0	0.0	0.0	0.0	0.0	0.0	0.0	0.0	0.0	0.0	0.0	0.0	0.000151006257367	0.0	0.0	0.0006043555945412	0.0007614872156429	0.0	0.0003013943122613	0.0	0.0	0.0	0.0005429246608286	0.0	0.0023661344722613	0.001041145908352	0.0131006621926952	0.0	0.0	0.0	0.0	0.0792407731613272	0.0	0.0	0.0	0.0	0.173172494740688	0.0	0.0	0.0	0.0007839853943977	0.019356570661735	0.0	0.0028116646003421	0.000536906242768	0.0951195061953408	0.01932513549307204	0.0	0.0	0.0	0.0	0.0	0.0	0.0073691489909305	0.0002234086101811	0.0	0.0049315806356907	0.0	0.96787604309345	0.0010186816577517	0.203716934792914	0.0376692584680606	0.0017605894292919	0.0	0.0015224586384408	0.000706531516395	0.0001502869842304	0.0	0.1297261212991853	0.0	0.0024568930260401	0.0	0.0	0.0	0.0	0.0	0.0	0.0	0.0	0.0	0.0	0.0	0.0	0.0	0.022696746137996698	0.004237870200312376	0.0053376435755344	0.0	0.0	2.16417969713631e-05	0.0403736566419274	0.0	0.0	0.0223725437626708	0.0180185412848672	0.0	0.0500760535617735	0.000736025554057491	0.0066413181372504	5.35465699107204e-05	0.0	0.0	0.0040906731212189	0.0015201558337609	0.0180445755306446	0.0	0.0	0.0	0.0	0.0	0.0	0.0	0.0
2024_08_TRE_SA1_24V1677	0.0	0.0	0.0	0.001050072544158	0.0	0.0	0.0	0.0015938673153931	0.0	0.0047465510548331	0.0	0.0	0.0015823175522381	0.0	0.0123788217698026	0.0	0.0	0.0708544587379038	0.0	0.0	0.0012526680621885	0.0	0.0	0.0	0.0	0.0	0.0	0.0	0.0	0.0	0.0	0.0	0.0057632147878298	0.0	0.0	0.0	0.0	0.031943371534120704	0.0075746338250009	0.0	0.0	0.0	0.0157120887822354	0.0	0.689450920122419	0.0008231818694381	0.0	0.0	0.0	0.0	0.0	0.0	0.0211294143989754	0.006254134723148	0.0	0.0	0.0	0.0	0.0	0.0	0.0	0.0	0.0	0.0001408498042646	0.0028891619930141	0.0008378103033054	0.0033689294534862	0.0	0.0	0.0785658226803148	0.0	0.0011219136349292	0.0839033417352986	0.0196469211011724	0.0	0.0039635583364497	0.0	0.0005668583989572	0.0	0.0	0.0	0.0	0.0	0.0	0.0	0.0	0.0	0.0011479902108379	0.0	0.0	0.0	0.0	0.0	0.0	0.0	0.0	0.0	0.0011352679222789	0.0	0.0	0.0	0.0	0.0	0.0	0.0091788420840007	0.0	0.0	0.0012904624018564	0.0	0.0	0.0	0.0	0.0	0.0124348065185934	0.0	0.0	0.0018822073013684	0.0	0.414883662196834	0.0	0.0	0.0	5.4327227463463	0.0	0.0	0.0	0.0	0.0	0.0082133058104453	0.0	0.0	0.0	0.0	0.0	0.0	0.0162688282507014	0.000839335751966	0.0088330946750062	0.0	0.0	13.44274347793	0.0017385113563476	0.0208620993234088	0.0	0.0	0.0	0.0	0.0	0.0	0.0	0.1858024551873733	0.0	0.0053439347589756	0.0	0.0	0.0	0.0	0.0	0.0	0.0004569203328158	0.0	0.0	0.0	0.0012114570630625	0.0	0.0	0.042677647180008	0.0046013086740408	0.056925499100777995	2.60314260560952e-05	0.0001023683734154	0.0001219608361566	0.0020171071612187	0.0	0.0	0.0	0.0168588634926195	0.0	0.0	0.0	0.0191824791044872	0.0001493752069145	0.0	0.0	0.0056852848536736	0.0	0.013629048088359498	0.0	0.0	0.0	0.0	0.0	0.0	0.0	0.0
2024_08_TRE_SA2_24V1681	0.0069524304892985	0.0	0.0015392786443163	0.0	0.0088488312484841	0.0005237396083251	0.0	0.0	0.0065397428909303	0.0139612851011877	0.0	0.0	0.0056490145116827	0.0	0.0	0.0	0.0	0.342475925734499	0.0	0.0	0.0	0.0	0.0	0.0	0.0	0.0	0.0	0.0	0.0	0.0	0.0	0.0	0.0438313304438099	0.0	0.0	0.0	0.0	0.0431266971989517	0.0297252823199882	0.0	0.0	0.0	0.0670316568570886	0.0015542916890399	0.901459184540417	0.0096754657642739	0.0	0.0	0.0	0.0	0.0	0.0	0.0046346336204156	0.0	0.0	0.0	0.0	0.0	0.0	0.0	0.0031673387536983	0.0	0.0	0.0	0.0016170694870652	0.0	0.0107243286790369	0.0	0.0	0.10859721937659089	0.0077204150758489	0.0	0.359163619505077	0.0	0.0	0.0138606944589425	0.0	0.0	0.004525273520039	0.0	0.0	0.0	0.0	0.0	0.0	0.0	0.0	0.0	0.0	0.0	0.0	0.0	0.0	0.0	0.0011113621279898	0.0	0.0	0.0061121975491698005	0.007853649419251301	0.0	0.0033272616984129	0.0	0.0	0.0	0.0	0.0	0.0012438615307606	0.0	0.0	0.0	0.0	0.0	0.0	0.366821607536929	0.0	0.0	0.0002949730062784	0.0	1.30970062689394	0.0	0.0	0.0	0.410624866630748	0.08393452178158	0.0	0.0	0.0	0.0008308516910642	0.0105134745638406	0.0	0.0	0.0	0.0	0.0	0.0	0.0922550601904489	0.0	0.0	0.0134425921964772	0.0	0.0447370313949369	0.0005880414352809	0.0053639754402882	0.0	0.0024680811545672	0.0	0.0	0.0155995993128408	0.0	0.0	0.4399826693577513	0.0	0.0266471843999675	0.0	0.0	0.0	0.0	0.0	0.0	0.0	0.0	0.00168548138573	0.0	0.0	0.0	0.0	0.1937757779980696	0.0169822713814012	0.023024559548703	0.0	0.0	2.65462217206365e-05	0.0096821581585707	0.0	0.0	0.0	0.0	0.0	0.0	0.0010918043044049	0.0599772181823837	0.0011822615351205	0.0	0.0	0.0242765256211477	0.0050381231300924	0.0486692008674159	0.0319305575248431	0.0	0.0	0.0	0.0	0.0	0.0	0.0
2024_08_TRE_UH_24V1669	0.0	0.0	0.0	0.0062229722036809	0.0001906833485084	0.0	0.0	0.0	0.0001863393293034	0.0	0.0	0.0	0.0	0.0	0.0011297735151569	0.0	0.0	0.0114682742574552	0.0	0.0	0.0017979044707791	0.0003930987329825	0.0	0.0	0.0	0.0	0.0	0.0	0.0	0.0	0.0047146948592402	0.0	0.0	0.0	0.0	0.0	0.0	0.0032814384004243	0.0010021991559515	0.0015753067743969	0.0	0.0006005910039557	0.217102983447803	0.0	0.449356257396723	0.0	0.0	0.0	0.0	0.0	0.0	0.0	0.0	0.0	0.0	0.0	0.0	0.0	0.0	0.0	0.0	0.0	0.0	0.0	0.0	0.0024049513760987	0.0046841871656473	0.0	0.0	0.0	0.0	0.0	0.0	0.0	0.0	0.0	0.0	0.0	0.0	0.0	0.0	0.0	0.0	0.0	0.0	0.0	0.0	0.0	0.0	0.0	0.0	0.0	0.0	0.0	0.0002035641873109	0.0	0.0	0.0	0.0	0.0	0.0	0.0	0.0	0.0	0.0014637806310767	0.0	0.0	0.0	0.0	0.0	0.0	0.0	0.0	0.0110232591459474	0.0	0.0	0.0	0.0	0.372640322553759	0.0235085793285482	0.0	0.0	0.0	0.0	0.0	0.0	0.0	0.0057177741796118	0.004006771039132	0.0	0.0	0.0	0.0	0.0	0.0	0.0	0.0	0.0056074832527869	0.0	0.0	0.0099220273387397	0.0007624270985773	0.0	0.0	0.0	0.0	0.0	0.0	0.0	0.0	1.9197222549669317	0.0	0.0158628227241526	0.0	0.0	0.0	0.0	0.0	0.0011117736383906	0.0	0.0	0.0	0.0	0.0	0.0	0.0	0.0162699758956541	0.0	0.0008418859899929	0.0	0.0	0.0	0.0073154093512268	0.0	0.0	0.0	0.0016751668062322	0.0	0.0	0.0	0.0050624681721183	0.0001154936403533	0.0	0.0	0.0076668925406863	0.0010001107838798	0.0023160888805349	0.0	0.0	0.0	0.0	0.0	0.0	0.0	0.0
2024_08_TRE_WWTP_24V1673	0.0009385226239578	0.0	0.0	0.0005574190603578	0.0	0.0	0.0	0.0	0.0019040107566423	0.0011204946531612	0.0	0.0022344989869324	0.0	0.0	0.0	0.0	0.0	0.0338297596688711	0.0	0.0	0.0	0.0	0.0	0.0	0.0027855041912458	0.0	0.0	0.0	0.0	0.0	0.0	0.0	0.0	0.0	0.0026949047913464	0.0002856997077192	0.0	0.0111856200647324	0.0118665126468516	0.001452165131448	0.0	0.0011809459289755	0.38348657303989	0.0	0.465243136218463	0.0	0.0	0.0	0.0	0.0	0.0	0.0	0.0987117170395161	0.185765494961094	0.0	0.0	0.0	0.0	0.001726158552476	0.0	0.0	0.0	0.0	0.0	0.0	0.0008867825843091	0.000891463125761	0.0	0.0	0.0382278324251942	0.022152683043410098	0.0741280782832379	0.0466083948679988	0.0	0.0	0.0086780549795918	0.0	0.0	0.0030832103685106997	0.0	0.0	0.0	0.0	0.0	0.0057210367383763	0.0	0.0	0.0	0.0	0.0	0.0	0.0	0.0	0.0	0.0	0.0	0.0	0.0018024411099325	0.0	0.0	0.0012154296588704	0.0	0.0	0.0	0.0	0.0	0.0557823432311628	0.0	0.0	0.0	0.0	0.0	0.0	0.0642598432074078	0.0	0.0	0.0	0.0	0.280263060650574	0.0	0.0	0.0	0.104893006897606	0.0022949933160811	0.0	0.0077453213519839	0.0050020903944396	0.403131254041516	0.0092133060605326	0.0	0.0	0.0	0.0	0.0	0.0	0.0072504359232234	0.0	0.0	0.0013693007039286	0.0	1.21996653139438	0.0008689512472426	0.561367193297393	0.0355805165896857	0.136021084259004	0.0	0.0	0.0016857379491358	0.0026893118003192	0.0	0.6956500408206843	0.0	0.013369441603627	0.0	0.0	0.0	0.0	0.0	0.0	0.0	0.0	0.0	0.0	0.0	0.0	0.0	0.0413075048084744	0.022562749466244703	0.0282388835511176	5.5106066803436e-05	0.0	0.0	1.018388234832681	0.0007355280036009	0.0	0.0	0.045297093897683	0.0	0.0	0.0771945813188786	0.0269439514773928	0.0003952664806602	0.0	0.0	0.0052959745997589	0.0	0.005216419188168999	0.0	0.0	0.0	0.0	0.0	0.0	0.0	0.0
2024_09_KUO_SA1_24V1408	0.0	0.0	0.0008494622215841	0.0031476818827105	0.0	0.0002890295482642	0.0	0.029674848193040802	0.0	0.0041395093865293	0.0	0.0	0.0002850979233386	0.0	0.0	0.0	0.0	0.0657745836025918	0.0	0.0	0.0	0.0	0.0	0.0	0.0	0.0	0.0013890246299052	0.0	0.0	0.0	0.0	0.0	0.0	0.0	0.0	0.0	0.0	0.0110426377347763	0.0046858696611887	0.0005932752023762	0.0	0.0	1.06449666760063	0.0	0.164805606217978	0.0	0.0	0.0	0.0	0.0	0.0	0.0	1.34161230655926	0.0	0.0	0.0188027628274054	0.0	0.0	0.0	0.0	0.0	0.0	0.0	0.0	0.0	0.0	0.0004552538093751	0.0	0.0	0.0110989124938918	0.0357414130820236	0.0	0.0186296331422994	0.0	0.0	0.0032127080425808996	0.0	0.0	0.0	0.0009268137202019	0.0	0.0	0.0	0.0	0.0	0.0	0.0	0.0	0.0	0.0	0.0	0.0	0.0	0.0	0.0	0.0	0.0	0.00061364899849	0.0	0.0	0.0	0.0048600810696205	0.0	0.0	0.003307640508823	0.0	0.0	0.0	0.243583673305948	0.0	0.0	0.0	0.0	0.0031630187094245	0.0	0.0	0.0	0.0	0.454229633289356	0.0	0.0	0.0	0.0	0.0090736207422242	0.0002071804388923	0.0	0.0019314326891827	0.0	0.0040763206647714	0.0	0.0005903080455335	0.0	0.0	0.0	0.0	0.0	0.0	0.0	0.0030176973961696	0.0009587773685258	0.44025448730864	0.0007700496187002	0.0	0.0007268125960077	0.0	0.0	0.0	0.0	0.001220784031019	0.0	0.230109001728438	0.0	0.0165436249056052	0.0	0.0	0.0	0.1017553084646477	0.0	0.0	0.0	0.0	0.0	0.0	0.0	0.0	0.0	0.023552197181857103	0.0241127149635491	0.0100080719953542	0.0	6.91667673668542e-06	0.0	21.4814929150978	0.0	0.0	0.0	0.0	0.0	0.0	0.0595361985134977	0.0086705463445714	0.0002899732038121	0.0	0.0	0.0057825105560564	0.0	0.0144586693259403	0.0	0.0	0.0	0.0	0.0	0.0001436584520023	0.0	0.0
2024_09_KUO_SA2_24V1409	0.0	0.0	0.0027313711480443	0.0003650123933605	0.0	0.0	0.0	0.0	0.0005351708680854	0.0022923983999702	0.0001784856393771	0.0	0.0005498035026130729	0.0	0.0	0.0	0.0	0.0070943651574971	0.0	0.0	0.0	0.0	0.0	0.0	0.0	0.0	0.0	0.0	0.0	0.0	0.0	0.0	0.0002356862177099	0.0	0.0	0.0	0.0	0.012904726002174762	0.0035243462587649	0.0	0.0	0.0	0.0195908165402136	0.0	2.8390670359308	0.0	0.0	0.0	0.0	0.0	0.0	0.0	0.0	0.0139949960915061	0.0	0.0007168703696619	0.0	0.0	0.0	0.0	0.0	0.0	0.0	2.7540199484623e-05	0.0	0.0033491287582644	0.0040987201636914	0.0	0.0	0.021864557357864897	0.0075981780072995	0.0003899848475304	0.0193448091314737	0.0	0.0	0.0013741368262151	0.0	0.0	0.0	0.0	0.0003021715252481	0.0001985084605873	0.0	0.0	0.0	0.0	0.0	0.0	0.0	0.0	0.0	0.0005952795677631	0.0	0.0004014933090666	0.0009860275989111	0.0	0.0	0.0007892537781734	0.0	0.0	0.0001962127845125	0.0	0.0	0.0	0.0024815997451258	0.0	0.0	0.0	0.0	0.0	0.0	0.0	0.0	0.0155098734020123	0.0	0.0	0.0	0.0	0.368900031090983	0.0	0.0	0.0	0.251544691075734	0.0347860900647296	0.0	0.0	0.001222037033064	0.0167438787438022	0.0026542482752545	0.0	0.0	0.0	0.0	0.0	0.0	0.0277797131622786	0.0	0.0	0.0037731380549428	0.0	0.0028836288707904	0.0085108178863934	0.0023153428522857	0.0011685010259013	0.0002189741825337	0.0	0.0	0.0011994965809454	0.0001962661902786	0.0	0.0151464901275936	0.0	0.0094568128929012	0.0	0.0	0.0	0.0438642648545482	0.0	0.0	0.0	0.0	0.0002990800427555	0.0003236454143104	0.0	0.0	0.0	0.0088514941726342	0.0024374186339882	0.008644361815615	0.0	0.0	4.71049113590095e-05	0.0018580350280308	0.0	0.0	0.0	0.147678455650304	0.0	0.0	0.0340697180987779	0.0038763940897555	0.0	0.0	0.0	0.0009968644624934	0.0	0.0073636403545470994	0.0	0.0	0.0	0.0	0.0	0.0	0.0	0.0
2024_09_KUO_UH_24V1407	0.0	0.0	0.0049647991056401	0.0028809048880587	0.0	0.0	0.0	0.0	0.0	0.0097332620893661	0.0051226171074348	0.0110564577197986	0.0	0.0	0.0065191110742149	0.0	0.0	0.0291971107604753	0.0	0.0	0.008748044190716	0.0	0.0	0.0	0.0	0.0	0.0	0.0	0.0	0.0	0.0	0.0	0.0	0.0	0.0	0.0	0.0	0.0	0.0714097903914897	0.0010949932864569	0.0	0.0	0.407240604262244	0.0	0.957715707070634	0.0	0.0	0.0	0.0	0.0	0.0	0.0	0.0	0.230468541744786	0.0	0.0	0.0	0.0	0.0	0.0	0.0	0.0	0.0	0.0005620735676813	0.0	0.0150451016176359	0.0	0.0	0.0	0.0	0.0048547170268887	0.0	0.012964399989867599	0.0	0.0	0.0011258192908492	0.0	0.0	0.0	0.0	0.0	0.0	0.0	0.0	0.0	0.0	0.0	0.0	0.0	0.0	0.0	0.0	0.0	0.0	0.0016979657963109	0.0	0.0	0.0	0.0	0.0	0.0	0.0	0.0	0.0	0.0020349432757165	0.0	0.0	0.0	0.0022795399271966	0.0002767501085054	0.0	0.0	0.0	0.0656764308978605	0.0	0.0	0.0	0.0	0.593179484160295	0.0	0.0	0.0	0.0	0.0	0.0	0.0002347944874951	0.0	0.0025387904045025	0.0027919937618838	0.0	0.0	0.0	0.0	0.0	0.0	0.0	0.0	0.0	0.00193595632498	0.0	0.117621546176482	0.0003854268285672	0.0	0.0	0.0	0.0	3.23102683976096e-05	0.0	0.0	0.0	0.0073562464010568	0.0	0.0033926841170552	0.0	0.0	0.0	0.0045484336514366	0.0	0.0	0.0	0.0	0.0	0.0	0.0	0.0	0.0	0.0020297836442504	0.0121727475533552	0.0073336205575185	0.0	0.0	0.0	33.2462154133937	0.0	0.001077884016356	0.0	0.0	0.0028830940255117	0.0	0.0005509950243353	0.0004166014852184	0.0012978511020278	0.0	0.0	0.0	0.0	0.0182266855509995	0.0	0.0	0.0	0.0	0.0	0.0	0.0	0.0
2024_09_KUO_WWTP_24V1406	0.0004170905982139	0.0	0.0	0.0002148884688035589	0.0	0.0	0.0	0.0	2.10078571863776e-05	0.0001191875988933	0.0001260159433303	0.0001510952762382071	7.54311934174871e-05	0.0	0.0	0.0	0.0	0.004284276957084	0.0	0.0	0.0	0.0	0.0	0.0	0.0	0.0	0.0	0.0	0.0	0.0	0.0024857301674614	0.0	0.0	0.0004125852492972	0.0	0.0	0.0	0.0007484638022575399	0.0006210973527030942	0.0003142619821325	0.0	0.0	0.0078544150356775	0.0	0.0421938061273708	0.0	0.0	0.0	0.0	0.0	0.0	0.0	0.011824939382844	0.0062514862358638	0.0	0.0003404242133431	0.0	0.0	0.0	0.0	0.0	0.0	0.0	0.0	6.88863285372672e-05	0.0001028078374504	0.0	0.0	3.59689424229669e-05	0.0005379422174038368	0.0002524980945257784	0.0001833329705952336	0.0007742066262804	0.0	0.0	0.0001624071877080892	0.0	0.0	0.0	0.0	0.0	0.0	0.0	0.0	0.0	0.0	0.0	7.04350319666123e-05	2.32181516420246e-05	0.0	0.0	0.0	4.65509450971219e-05	0.0	0.0	0.0	2.31705994472362e-05	0.0001390373155864766	2.34913441793408e-05	2.33845212004352e-05	9.308494588109901e-05	0.0	0.0	0.0	8.34323846369507e-05	0.0	0.0	0.0	0.0010008153416882	0.0	0.0	0.0	0.0	0.0066719724767978	0.0	0.0	0.0	0.0	0.0237582058492181	0.0	0.0	0.0	0.0202375755109242	0.0042781883281905	0.0	0.0053316558806845	0.0006671322457838	0.115145894996695	0.000254864287504278	0.0	0.0	0.0	0.0	0.0	0.0	0.0009222905997367	0.0	0.0	0.0005872023195555	0.0	0.0111256053635716	0.0001298763457233	0.0004835679622945412	8.24994994416909e-05	0.0	0.0	0.0	6.51445183691204e-05	4.6189839507773e-05	0.0	0.0026492189694346455	0.0	0.0001589709324136	0.0	0.0	0.0	0.0012462016805134999	0.0	0.0	0.0	0.0	0.0	0.0	0.0	0.0	0.0	0.0005853118513392909	0.00031182714119362123	0.0001925957142106116	0.0	0.0	1.55201240196094e-05	0.0293996229394242	0.0	0.0	0.0004039498793134	0.0020793628525197	0.0	0.0003712641555026	0.0022630960588073	0.000278627933495	2.08458247078041e-05	0.0	0.0	0.00040712484744771283	0.0	0.000120170046741544	4.44477397463483e-05	0.0	0.0	0.0	0.0	0.0	0.0	0.0
2024_09_TRE_SA1_24V1691	0.0	0.0	0.0008306325837428	0.0	0.0	0.0033914731605844	0.0	0.0	0.0016287719889189	0.0636007255174277	0.0	0.0	0.0216552917419816	0.0049296441088375	0.0033275721108971	0.0	0.0	0.210046580820107	0.0	0.0	0.0	0.0	0.0	0.0	0.0	0.0	0.0	0.0	0.0	1.26873194076842	0.0	0.0	0.0	0.0	0.0	0.0	0.0	0.0450554839926859	0.0213904186351357	0.0052211190978124	0.0	0.0	0.0268097829086198	0.0	2.45447556745583	0.0417689527824996	0.0	0.0	0.0	0.0	0.0	0.0	0.18548068771049012	0.0	0.0	0.0	0.0008263547372495	0.0	0.0017009980771153	0.0009130617714425	0.0	0.0	0.0	0.0	0.007853493907573	0.0053139015050433	0.0026709744471147	0.0	0.0	0.11156744426465301	0.0263461376085036	0.100402881840429	1.72079383598735	0.0	0.0	0.0277792712391945	0.0	0.0	0.0	0.0	0.0	0.003622083999033	0.0	0.0	0.0	0.0	0.0	0.0	0.0	0.0	0.0	0.0	0.0	0.0	0.0	0.0	0.0018125389346311	0.0	0.0	0.0	0.0	0.0	0.0	0.0	0.0064686431300331	0.0	0.0	0.0	0.0	0.0	0.0	0.0	0.0	0.334033797287409	0.0	0.0	0.0	0.0	1.18666392987937	0.0056155442281209	0.0	0.0	0.0972994448210924	0.0	0.0	0.0	0.0051175496407963	0.0	0.0188688065195256	0.0	0.0	0.0	0.0	0.0	0.0	0.0	0.0	0.0	0.0674617637977355	0.0	0.37947387180126	0.0043028810235149	0.0143826192899949	0.0	0.0159820469195109	0.0	0.0	0.0	0.0	0.0118336696862001	0.3809749061646144	0.0	0.0138659228499281	0.0	0.0	0.0	0.2018663294888921	0.0	0.0	0.0	0.0	0.0	0.0	0.0	0.0	0.0	0.0983805906121259	0.1134534677744575	0.3195545447937201	0.0	8.11602953877356e-05	0.0	0.0021875227432643	0.0	0.0	0.0	1.56856831590469	0.0	0.0	0.0	0.0252614371870716	0.0005954455528392	0.0	0.0	0.0532546737721884	0.0111275542341741	0.0045244911026435	0.0	0.0	0.0	0.0	0.0	0.0	0.0	0.0
2024_09_TRE_SA2_24V1694	0.0	0.0	0.0058876994364977	0.0	0.0096061432486657	0.0	0.0	0.018006905575858	0.0063826656022968	0.0143650543370579	0.0139223688754332	0.0053767836565024	0.0023777793386916	0.0	0.0	0.0	0.0	0.374140511267907	0.0	0.0	0.0	0.0	0.0	0.0	0.0	0.0	0.0	0.0	0.0	0.0	0.0	0.0	0.0145541351375259	0.0	0.0	0.0	0.0	0.08477600439683211	0.0361860091793102	0.0037199980328538	0.0	0.0	0.176463481302308	0.0	1.32392772095567	0.0	0.0	0.0	0.0	0.0	0.0	0.0	0.146834268456635	2.58162395987188	0.0	0.0085465961577939	0.0	0.0	0.0	0.0	0.0024355404112215	0.0	0.0	0.0	0.0	0.0	0.0066606542122961	0.0	0.0	0.0883991364293351	0.0101276381286068	0.0	0.203624677832667	0.0092135762572112	0.0	0.037727528270563	0.0006344338821596	0.0	0.0	0.0	0.0	0.0	0.0	0.0	0.0	0.0	0.0	0.0	0.0	0.0	0.0	0.0	0.0	0.0	0.0	0.0	0.0	0.021726719100986	0.0051842468480388	0.0	0.001292128882535	0.0	0.0	0.0	0.0	0.0	0.0007173549925613	0.0	0.0	0.0	0.0	0.0	0.0	0.008263747393152	0.0	0.0	0.0	0.0	3.15385698191246	0.0	0.0	0.0	0.0350784172310581	0.0	0.0	0.0	0.0059901951987611	0.0019166622455104	0.012778788223219201	0.0	0.0012337977155556	0.0	0.0	0.0	0.0	0.243130636429036	0.0	0.0	0.0155051191577766	0.0	3.83177829366655	0.0016367532360845	0.0	0.0	0.0	0.0	0.0	0.0155940032701589	0.0	0.0	0.3079021015508645	0.0	0.0274426084390858	0.0	0.0	0.0002988521755544	0.0018819047864276	0.0	0.0	0.0	0.0	0.0	0.0	0.0	0.0126112937795404	0.0	0.0783211191649115	0.053471980573663196	0.0612269700294632	0.0	0.0	0.0	0.0103905952591351	0.0	0.0	1.62278363257902	0.0	0.0	0.0	0.35412195334785	0.0132473534469652	0.0	0.0	0.0	0.0679397247256855	0.0	0.134661183403307	0.0	0.0	0.0	0.0	0.0	0.0	0.0	0.0
2024_09_TRE_WWTP_24V1688	0.0049446879023361	0.0	0.0	0.0	0.0	0.0	0.001440995192253	0.007343937558285	0.0042989035823355	0.0066517449504737	0.0	0.0029431768063485	0.013912637705825	0.0	0.0	0.0	0.0	0.412567061599929	0.0	0.0	0.0	0.0	0.0	0.0	0.0	0.0	0.0	0.0	0.0	0.0	0.0	0.0	0.0662106558715328	0.0	0.0	0.0	0.0	0.0509006298958478	0.035213408953375006	0.0	0.0093376023495849	0.0	0.731191525419088	0.0	1.99581724533172	0.0	0.0	0.0	0.0	0.0	0.0	0.0	0.0428103995628831	1.1538434344613	0.0	0.0105533473112245	0.0	0.0	0.0030334157178639	0.0	0.0	0.0	0.0	0.0	0.0	0.0	0.0	0.0	0.0	0.1387450220422766	0.112413951350763	0.307950888958226	0.319221253142066	0.0	0.0	0.0150184540038584	0.0	0.0031601185856862	0.0032225819541672	0.0	0.0	0.0	0.0	0.0	0.0	0.0	0.0	0.0	0.0	0.0	0.0	0.0	0.0	0.0	0.0	0.0	0.0	0.0220865116783485	0.0	0.0	0.0	0.0	0.0	0.0102483527041778	0.0	0.0	1.17810178486077	0.0	0.0	0.0	0.0	0.0	0.0	0.197959255077359	0.0	0.0	0.0	0.0	1.15017849884175	0.0	0.0	0.0	0.201508318412665	0.0296404960340911	0.0	0.0113831555479356	0.0144718049417014	0.0633936660960849	0.035570252081405504	0.0032410792046391	0.0060939796680014	0.0	0.0	0.0	0.0	0.129006145394727	0.0	0.0	0.0208192704664907	0.0	4.83598955681945	0.0057600349163734	0.10721321134492359	0.0018764004505379	0.0430610540987757	0.0	0.0	0.0111089389437321	0.0	0.0	1.195446573209293	0.0	0.0406633994591412	0.0	0.0	0.0	0.012691345092542501	0.0	0.0	0.0	0.0	0.0024005629156716	0.0	0.0	0.0	0.0	0.1207134829232444	0.0996833015901967	0.1830237171077573	7.26293113188071e-05	0.0	0.0017013919096929	5.81408586161323	0.510912569340651	0.0	0.0	0.323471800923848	0.0	0.00306961399612	0.7188590256700038	0.0597378112302689	7.4837655596372e-05	0.0	0.0	0.0219537767942743	0.0	0.06781647718456629	0.0	0.0	0.0	0.0	0.0	0.0	0.0	0.0
2024_10_KUO_SA1_24V1578	0.0	0.0	0.0	0.0122640329278462	0.0	0.0	0.0	0.0	0.0	0.0090795374224135	0.0	0.0	0.0014272322765851	0.0	0.0	0.0	0.0	0.275090476993822	0.0	0.0	0.0	0.0	0.0	0.0	0.0	0.0	0.0023178711856341	0.0	0.0	0.0	0.0	0.0	0.0	0.0	0.0	0.0019579231701808	0.0	0.0234484984102899	0.0427218278742241	0.0	0.0	0.0010054280035481	0.357299415945959	0.0	1.98052265580805	0.0	0.0	0.0	0.0	0.0	0.0	0.0	2.466396481755488	0.0	0.0	0.0117075554661693	0.0	0.0	0.0	0.0	0.0	0.0	0.0	0.0	0.0	0.0030227811221376	0.0007596839279753	0.0	0.0	0.07113019524965371	0.0	0.211775130907275	0.179389277717641	0.0	0.0	0.0010178710809754	0.0	0.0	0.0	0.0041333182705579	0.0	0.0	0.0	0.0	0.0	0.0	0.0005243383815617	0.0	0.0	0.0	0.0	0.0	0.0	0.0	0.0	0.0	0.0010469164999877	0.0010178710809754	0.0010321894991604	0.0	0.0	0.0	0.0	0.0	0.0220778939776186	0.0	0.0	0.0	0.0	0.0	0.0	0.0	0.0	0.0422251399628362	0.0	0.0	0.0	0.0	1.64942961542089	0.0	0.0	0.0	0.0	0.0	0.0	0.0	0.0	0.0	0.013378319847825199	0.0	0.0	0.0	0.0	0.0	0.0	0.194627510324712	0.0	0.0183861924133951	0.0	0.0	0.387734317737692	0.0033758080671795	0.003272586820469	0.0	0.0	0.0	0.003185162053543	0.0047884875613644	0.0020371273974993	0.0	2.8246419879078974	0.0	0.0105167298244675	0.0	0.0	0.0	0.1460604353941671	0.0	0.0	0.0	0.0	0.0	0.0	0.0	0.0	0.0	0.10099611065396791	0.0817040945922492	0.2479562611134186	0.0	0.0	0.0	0.0310814205083584	0.0	0.0	0.202949547151822	0.0	0.0	0.0	0.0	0.140785542955954	0.0	0.0	0.0	0.0012842151781765	0.0	0.0562069157560016	0.0088213272034723	0.0	0.0	0.0	0.0	0.0	0.0	0.0
2024_10_KUO_SA2_24V1579	0.0	0.0	0.0	0.0	0.0	0.0	0.0	0.0	0.0015993019749209	0.020963469680423	0.0	0.0	0.0036909599824853003	0.0	0.0026846083375056	0.0	0.0067427773243275	0.0806398367381598	0.0	0.0	0.0	0.0	0.0	0.0	0.0	0.0	0.0	0.0	0.0	0.0	0.0	0.0	0.0087091911395363	0.0	0.0	0.0	0.0	0.0604597941931677	0.050909551766565	0.0034177675538126	0.0004328897384201	0.0	1.46290134867372	0.0	1.24815971652722	0.0	0.0	0.0	0.0	0.0	0.0	0.0	0.0073141128628486	0.0705965101279325	0.0	0.0	0.000202266429005	0.0	0.0	0.0	0.0	0.0	0.0	0.0001850325045524	0.0089966304689496	0.0061960840497481	0.0193420249657756	0.0	0.0	0.1718247856663826	0.0449775049711555	0.0560924528285376	0.0008744821393796	0.0	0.0	0.012759829020068801	0.0019709867809313	0.0	0.0	0.0	0.0	0.0189868986399906	0.0	0.0	0.0019830886236305	0.0	0.0	0.0	0.0	0.0	0.0	0.0	0.0	0.0033718579534586	0.0	0.0017634672882079	0.0	0.005494192112792	0.0017817075373619	0.0	0.0	0.0	0.0	0.0	0.0158790085464745	0.0	0.0	0.0	0.0	0.0	0.0	0.0	0.0	0.236312233853395	0.0	0.0	0.0	0.0026908019993968	2.71878401985172	0.0	0.0	0.0	0.0144741535899091	0.0	0.0	0.0	0.0	2.79933400999749	0.0152167281822916	0.0	0.0	0.0	0.000219057944815	0.0	0.0	0.119539570860888	0.0	0.0	0.0331205757489051	0.0	0.952655075563618	0.0011654260545903	0.0560188092499629	0.0052338200264995	0.126523824369124	0.0	0.0	0.0020664045670843	0.0024175077382881	0.0	0.6532412397579892	0.0004241910084519	0.039710536946962	0.0	0.0	0.0	0.0825193685348407	0.0	0.0	0.000361395360675	0.0	0.0	0.0007248182985531	0.0	0.0	0.0	0.021041179929411298	0.034487622428619996	0.0495374887602294	0.0	0.0	0.0	0.0097949386875804	0.0	0.0	0.0	0.905576998469164	0.0	0.0149884197616483	0.1614951063044178	0.0806823612057048	0.0	0.0	0.0	0.0261240246068153	0.0085841603677153	0.0047730891699796	0.0029607821331155	0.0	0.0	0.0	0.0017084318108187	0.0	0.0	0.0
2024_10_KUO_UH_24V1577	0.0	0.0	0.0078888612007556	0.0194334452820234	0.0012312378577407	0.0	0.0	0.0172993746465293	0.0035333838223839003	0.0	0.0	0.0122856262210919	0.0186671930276107	0.0	0.0	0.0	0.0	0.0535303914352085	0.0	0.0	0.031924822919446	0.0	0.0	0.0089167661923768	0.0	0.0	0.0	0.0	0.0	0.0	0.0	0.0	0.0	0.0	0.0	0.0	0.0	0.0529334529426803	0.0032778300868305	0.0	0.0	0.0	0.11285514735118	0.0	4.94291982344998	0.0	0.0	0.0	0.0	0.0	0.0	0.0	0.0	0.0	0.0	0.0	0.0	0.0	0.0	0.0	0.0	0.0	0.0	0.0	0.0	0.0	0.0019513345423025	0.0	0.0	0.0	0.0	0.0	0.0039265824981136	0.0	0.0	0.0	0.0	0.0	0.0	0.0	0.0	0.0	0.0	0.0	0.0	0.0	0.0	0.0	0.0	0.0	0.0	0.0	0.0	0.0	0.0	0.0	0.0	0.0	0.0	0.0	0.0	0.0	0.0	0.0	0.0	0.0	0.0	0.0	0.0	0.0	0.0	0.0	0.0	0.0237256409335951	0.0	0.0	0.0017443243848913	0.0	0.548573086880415	0.0	0.0	0.0047561969101347	0.0	0.0	0.0	0.0	0.0	0.0357965046385851	0.0	0.0	0.0	0.0	0.0	0.0	0.0	0.0	0.0	0.0	0.0	0.0	0.231221083391103	0.0	0.0	0.0	0.0	0.0	0.0	0.0	0.0	0.0	1.7386039016653179	0.0	0.0281389752792221	0.0	0.0	0.0	0.0376304680945597	0.0	0.0	0.0113498297025767	0.0	0.0	0.0	0.0	0.0	0.0	0.0040310581604073	0.0646881852955885	0.049227943464973	0.0	0.0	0.0005651323856705	0.0064884665969477	0.0	0.0	0.0	0.0	0.0	0.0	0.0	0.152921806198082	0.0004660873099425	0.0	0.0	0.0218873714231165	0.0322864698239567	0.10654628621140799	0.0	0.0	0.0	0.0	0.0	0.0	0.0	0.0
2024_10_KUO_WWTP_24V1576	0.0	0.0	0.0	0.0075492432701091	0.0	0.0	0.0008695899096173	0.0	0.000431511655447	0.0095596589761257	0.0064710726844698	0.0013294245433642	0.0	0.0	0.0	0.0	0.0	0.123913374000791	0.0	0.0	0.0	0.0	0.0	0.0	0.0	0.0	0.0	0.0	0.0	0.0	0.0	0.0	0.0017089807906689	0.0015890067555239	0.0	0.0	0.0	0.024522109352357498	0.0310506439287488	0.006916172922026	0.0	0.0	0.649731027007453	0.0033330953841089	1.27505107954067	0.0	0.0	0.0	0.0	0.0	0.0	0.0	0.0618344231654847	0.499184261551318	0.0	0.008069878153544	0.0	0.0	0.0034254630038336	0.0004837961350036	0.0	0.0004832595525718	0.0	0.0	0.0	0.0007039077448911	0.0053071728877909	0.0065700021726303	0.008939733667966	0.0763499018948395	0.0459960810566339	0.0433129532750543	0.034387938300562	0.0	0.0	0.0057237293147801	0.0	0.0	0.0	0.0	0.0	0.0	0.0	0.0	0.0007134161180313	0.0	0.0	0.0	0.0	0.0	0.0	0.0	0.0	0.0	0.0014299539803231	0.0	0.0	0.0085844193116185	0.0	0.0	0.0	0.0	0.0	0.0	0.0042843549074497	0.0	0.0410778755368817	0.0	0.1314338383468118	0.0	0.0	0.0	0.0	0.127212709557322	0.0	0.0	0.0010753415162762	0.0020104947689252	0.696706185807394	0.0	0.0	0.0	0.0084034999392161	0.008383239905486	0.0	0.0107591033246493	0.0104589966242073	2.09652094916088	0.013154151178594	0.0	0.002523247083424	0.0	0.0	0.0	0.0	0.0954409025024108	0.0	0.0	0.011428692303938	0.0	2.14965918760251	0.0038240753117112	0.313833540344581	0.0028243000751102	0.0060865682137963	0.0	0.0	0.0022301670842617	0.0004743809407595	0.0	1.1351064182232031	0.0	0.0277553955952782	0.0	0.0	0.0	0.0617667443267093	0.0	0.0	0.0	0.0	0.0007228849341976	0.0	0.0	0.0007815585544172	0.0	0.0254863927828154	0.0404688004259259	0.0660456954340346	0.0	0.0	0.0	0.2818471314828488	0.0137211310030948	0.0	0.0199905938192558	0.0697324561680642	0.0	0.0813434371354276	0.0624570781420455	0.0536053800747082	0.0019268254311035	0.0	0.0	0.012763801672850201	0.0028238424762646	0.0734218448094289	0.0	0.0	0.0	0.0	0.0	0.0	0.0	0.0
2024_10_TRE_SA1_24V1705	0.0	0.0	0.0006460255439091	0.0	0.0	0.0	0.0	0.0	0.0012808918031694	0.0080203069559027	0.0046437083651289	0.0006539522376994	0.0004325954181154	0.0025873690557573	0.0004361911600818	0.0013039047675229	0.0	0.0186792163948922	0.0	0.0	0.0	0.0	0.0	0.0	0.0	0.0	0.0	0.0	0.0	0.0	0.103077646562601	0.0	0.0	0.0	0.0	0.0	0.0	0.0188631746927713	0.009230944745991	0.0	0.0	0.0	0.0079433686128627	0.004240121756925	0.383988516274402	0.0	0.0	0.0	0.0	0.0	0.0	0.0	0.0052306740773301	0.0022495858397287	0.0	0.0	0.0	0.0	0.0	0.0	0.0	0.0	0.0	0.0	0.0	0.001377631208336	0.0	0.0	0.0	0.2234324721261154	0.0	0.562432510291253	0.197164462567557	0.0	0.0	0.0009277886228315	0.0	0.0	0.0	0.0	0.0	0.0009390268057371	0.0	0.0	0.0	0.0	0.0	0.0	0.0	0.0	0.0	0.0	0.0	0.0	0.0	0.0	0.0	0.0011667173593652	0.0	0.0004700309868871	0.0011754014031151	0.0	0.0	0.0	0.0	0.0	0.0	0.0	0.0	0.0	0.0	0.0	0.0	0.0120275559655858	0.0	0.0	0.0	0.0019673887366419	0.0	0.0	0.658082039071387	0.0	0.0293618093742377	0.0063215197947409	0.0	0.0	0.0144518466398739	0.0	0.0033334002049133	0.0	0.0	0.0	0.0	0.0	0.0	0.133286767144001	0.0	0.0	0.0169253136214363	0.0	0.0097138693029863	0.0053500899644454	0.0559305018338458	0.0	0.0	0.0	0.0	0.0006547053496814	0.0	0.0	0.014164844039410901	0.0	0.0239649756803757	0.0	0.0	0.0004349674664422	0.0	0.0	0.0	0.0	0.0	0.0	0.0007654880771634	0.0	0.0	0.0	0.0398654144994832	0.0371142409887933	0.0019421902409677001	0.0	0.0	0.0	0.0051108435926572	0.0	0.0	0.0	0.0	0.0	0.0	0.7568613193911073	0.0305707936548811	0.0	0.0	0.0	0.0148099515600209	0.0	0.0	0.0	0.0	0.0	0.0	0.0	0.0	0.0	0.0
2024_10_TRE_SA2_24V1708	0.0	0.0	0.0057936549463006	0.0362928271123616	0.0	0.0	0.0	0.0021858682914777	0.0	0.317877893529246	0.0	0.0	0.0	0.0136104220731753	0.002908801884837	0.0	0.0	0.283219063218639	0.0	0.0	0.0	0.0	0.0	0.0	0.0	0.0	0.0	0.0	0.0	0.0	0.0	0.0	0.0	0.0	0.0	0.0026258152956321	0.0	0.1047688676590718	0.015604215591859202	0.0060695432770768	0.0408251044514972	0.003852578181648	0.159170916116394	0.0	1.92532301741801	0.0	0.0	0.0	0.0	0.0	0.0	0.0	0.152620549906418	0.0572815291185969	0.0	0.0530393339639842	0.0	0.0	0.0	0.0	0.0031798854590922	0.0	0.0	0.0	0.0	0.0069495780252475	0.0116437645083996	0.0	0.0	0.534399953193696	0.0	0.0	0.226522992657349	0.0	0.0	0.0328342104736436	0.0	0.0	0.0	0.0	0.0	0.0	0.0	0.0	0.0	0.0	0.0	0.0	0.0	0.0	0.0	0.0	0.0	0.0	0.0	0.0	0.0	0.0	0.0	0.0	0.0	0.0	0.0	0.0	0.0	0.0	0.0114117445911982	0.0	0.0	0.0	0.0	0.0	0.0	1.1143797026296	0.0	0.0	0.0012490222618599	0.0	3.25876484712048	0.0	0.0	0.0	0.004241642309677	0.0	0.0	0.0	0.232016613485458	0.0	0.035878010278802996	0.0	0.0	0.0	0.0	0.0	0.0	0.315669697129203	0.0	0.0	0.0143079972481138	0.0	0.0236323831183324	0.0016023144925196	0.0201579385662492	0.0	0.0	0.0	0.0	0.02275204994267	0.0093669870389291	0.0269841463252358	0.0311805523317821	0.0	0.0577601618416903	0.0	0.0	0.0	0.145362452294665	0.0	0.0	0.0	0.0	0.0	0.0	0.0	0.0	0.0	0.0522433926662351	0.1360421119279642	0.1359438495495691	0.0	0.0002122846292178	0.0	0.932803869511162	0.0	0.0	0.409745248895145	0.0925115870457681	0.0	0.0	1.1299891685917471	0.259557455693364	0.0	0.0	0.0	0.0432735955865664	0.0362175638218394	0.0	0.0	0.0	0.0	0.0	0.0	0.0	0.0	0.0
2024_10_TRE_UH_24V1697	0.0	0.0	0.0	0.0005852910863734	0.0	0.0	0.0	0.0	0.0036929274551148	0.000976107979573	0.0	0.0	0.0058925565129564	0.0	0.0	0.0	0.0	0.0018446393288375	0.0	0.0	0.0	0.0	0.0	0.0	0.0	0.0	0.0	0.0	0.0	0.0	0.0	0.0	0.0	0.0	0.0	0.0	0.0	0.0032223899341698	0.0011467289813257	0.0	0.0016431872283835	0.0	4.11076655943479	0.0	0.836657064655488	0.0	0.0	0.0	0.0	0.0	0.0	0.0	0.0	0.0	0.0	0.0	0.0	0.0	0.0	0.0	0.0008936751661773	0.0	0.0	0.0	0.0	0.0148185491205882	0.0	0.0	0.0	0.1306196149677305	0.0	0.0	0.0	0.0	0.0	0.0006275781270966	0.0	0.0	0.0	0.0	0.0	0.0	0.0	0.0	0.0	0.0	0.0	0.0	0.0	0.0008462664365388	0.0	0.0	0.0	0.0	0.0055398165481464	0.0	0.000631814430751	0.0	0.0	0.0	0.0	0.0	0.0	0.0	0.0	0.0	0.0	0.0	0.0	0.0	0.0	0.0	0.0	0.0010781243424593	0.0	0.0	0.0	0.0	0.152878031760735	0.019248407754766	0.0	0.0	0.0	0.0005827625098884	0.0	0.0	0.0	0.0	0.0014619483911545	0.0	0.0	0.0	0.0	0.0	0.0	0.0	0.0	0.0	0.0	0.0	0.0	0.0054007301280251	0.0	0.0	0.0	0.0	0.0	0.0	0.0	0.0	0.0263654894839214	0.0	0.015574225718014	0.0	0.0	0.0	0.0004199945927492	0.0	0.0	0.0	0.0	0.0	0.0	0.0	0.0	0.0	0.0062576809787425	0.0013827724730047	0.0181528871155246	0.0	0.0	0.0	0.0002950825076725	0.0	0.0232900126510496	0.0	0.0	0.0	0.0	0.0033539257067572	0.0002057508586665	0.0001284896985866	0.0	0.0	0.0055432889648205	0.0043885959809734	0.0150192972378567	0.0	0.0	0.0	0.0	0.0	0.0	0.0	0.0
2024_10_TRE_WWTP_24V1701	0.0	0.0	0.0130110967421419	0.0	0.0	0.0	0.008101938938544	0.0	0.0	0.0573699253695787	0.006712342769526	0.0097047573375356	0.0	0.0	0.0041385524286738	0.0	0.0	0.271833060813033	0.0	0.0	0.003275104443102	0.0	0.0	0.0	0.0	0.005012544323269	0.0	0.0	0.0	0.0	0.0	0.0	0.0327949337208288	0.0016482519245637	0.0	0.0010585679628724	0.0	0.11261873835831611	0.1244996061419146	0.0043044229823627	0.0	0.0160425436954876	1.77558074515232	0.0	2.69381362503235	0.0	0.0	0.0075563538248374	0.0	0.0	0.0	0.0	0.090017808427835	0.335204810655903	0.0	0.00268327666433	0.0	0.0	0.0014212717394594	0.0	0.0	0.0	0.0	0.0019103084945023	0.0	0.0021904575758388	0.026424228783323	0.0	0.0	0.3611723206807701	0.027019280926047	0.0900877074688154	0.0945285047107113	0.0	0.0	0.023730373104132903	0.0088475904694568	0.0	0.0	0.0	0.0	0.0	0.0	0.0	0.0	0.0	0.0	0.0	0.0	0.0	0.0	0.0	0.0	0.0015099033846818	0.0	0.0	0.0	0.0029681614216867	0.0	0.0	0.0	0.0	0.0	0.0	0.0	0.0	0.320400851194053	0.0	0.0	0.0	0.0	0.0	0.0	0.359531634718649	0.0	0.0	0.0	0.0013903032447518	1.16485910914804	0.0	0.0	0.0	0.168453872261312	0.0075193128747156	0.0001431588480342	0.0252782551816136	0.0122050733338873	1.43173328248354	0.0112790811406805	0.0015185700567764	0.0	0.0	0.0	0.0	0.0	0.255955630781168	0.0087777834639321	0.0248706260756236	0.0	0.0	2.95299482541109	0.0013250695966833	1.4002762531262505	0.0386707519271092	0.0197640071343227	0.0	8.41860334625017e-05	0.0055519620808978	0.0014762038535049	0.0	2.0221009469152316	0.0	0.111773868919059	0.0	0.0	0.0006916058349626	0.0866012644586526	0.0	0.0	0.0	0.0	0.0	0.0	0.0	0.0	0.0	0.0700442156049401	0.1100679465367134	0.13374600166737421	0.0	0.0	0.0	5.953773142601172	0.0227117795551803	0.0	0.174452290625419	0.0318714589916882	0.0	0.627788277928848	0.2281638826927488	0.0968234682819935	0.0	0.0	0.0	0.0147039766226017	0.0	0.15729580288532272	0.0	0.0	0.0014945089440002	0.0	0.0	0.0	0.0	0.0
2024_11_KUO_SA1_24V1822	0.0	0.0	0.0	0.0001914907198249	0.0	0.0001950199340193	0.0015069435260116	0.0008682197450263	0.0	0.0087918228702042	0.0	0.0001923671075586	0.0	0.0	0.0	0.0	0.0	0.037218053836548	0.0	0.0	0.0	0.0	0.0	0.0	0.0	0.0	0.0	0.0	0.00324017059541	0.0	0.0	0.0	0.0	0.0	0.0	0.0002953371070667	0.0	0.4622069675281494	0.0033846043782981	0.0002001533952455	0.0	0.0	0.526801561128144	0.0	0.152938262746059	0.0	0.0	0.0	0.0	0.0	0.0	0.0	0.0099944495908618	0.0233802699793916	0.0	0.0	0.0	0.0	0.0007825001515482	0.0	0.0	0.0	0.0	8.34772314604712e-05	0.0	0.0	0.0027646035348169	0.0	0.0	0.0130638363355746	0.0007307932714499	0.0	0.0082416103924644	0.0	0.0	0.0033103494475552	0.0	0.0	0.0004230247883859	0.0	0.0	0.0002083667953809	0.0	0.0	0.0	0.0	0.0	0.0	0.0	0.0	0.0	0.0	0.0	0.0	0.0	0.0	0.0003126793638358	0.000206461954981	0.0007331199942134	0.0	0.0002085103580069	0.0	0.0	0.0	0.0	0.0	0.0	0.0	0.0	0.0	0.0	0.0	0.0	0.0066694273098399	0.0	0.0	0.0	0.0	0.366242467427682	0.0	0.0	0.0	0.0	0.0	0.0	0.0	0.0	0.0	0.0054970119254104995	0.0	0.0	0.0	0.0001026288434655	0.0	0.0	0.0136367581532333	0.0	0.0007434456279347	0.0	0.0	0.404236607880575	0.001012747780137	0.0015748827713488	0.0	0.0	0.0	0.0004357334701547	0.0025170922181361	0.0005148202463447	0.0	0.9483842514206953	0.0	0.0054927341580504	0.0045227644399349	0.0	0.0	0.0038367250118999	0.0	0.0	0.0	0.0	0.0	0.0	0.0	0.0	0.0	0.0012689882144641	0.0257171468240873	0.0147580574397965	0.0	0.0	0.000118617167603	3.20266971586218	0.0	0.0	0.0	0.0482440254256566	0.0	0.0	0.0	0.0226129462228047	0.0	0.0	0.0	0.0005287070817807	0.0019039442190078	0.0019856579716478998	0.0	0.0	0.0	0.0	0.0	0.0	0.0	0.0
2024_11_KUO_SA2_24V1823	0.0	0.0	0.0040477853016021	3.41963467977938e-05	0.0	0.0	0.0	0.0003931082896637	0.0001333987720094	0.0035983597493525997	1.66707190639245e-05	0.0002739881211014	0.0	0.0	0.0	0.0001029812003337	0.0	0.0036256570364384	0.0	0.0	0.0	0.0	0.0	0.0	0.0	0.0	0.0	0.0	0.0021993212024162	0.0	0.0	0.0	0.0	8.18716973326304e-05	0.0	0.0017921361928672	0.0	0.0020237403878839	0.0004936258757045141	0.0	0.0	0.0	0.172576267234822	0.0	0.0190364663306958	0.0	0.0	0.0	0.0	0.0	0.0	0.0	0.0005589187138444	0.0194929615428754	0.0	0.0	0.0	0.0	0.0	0.0	0.0	0.0	0.0	6.5164410786358e-05	0.0	8.16030351594368e-05	0.0003281349818185	0.0	0.0	0.0017106199918885782	0.00041816069312998895	0.0	0.0003301456128345	0.0	0.0	0.0003122121555383	0.0	0.0	0.0	0.0	0.0	0.0	0.0	0.0	0.0	1.86771228558666e-05	0.0	0.0	0.0	0.0	0.0	0.0	0.0	0.0004124981933189	3.68383454222644e-05	0.0	0.0	0.0	0.0	0.0	0.0	0.0	0.0	0.0	0.0	0.0	0.0	0.0	0.0	0.0	0.0	0.0	0.0	0.0067444697550015	0.0	0.0	4.88873843271186e-05	0.0	0.0702496031451555	0.0	0.0	0.0	0.0	0.0002820291526667	0.0	0.0	0.0	0.0058464036952493	0.0004201013906749448	0.0	0.0	0.0	0.0	0.0	0.0	0.006375426121706	0.0	0.0	0.0005040202433545	0.0	0.0330382459905351	0.000338378041466	0.0009834971939826	0.0	8.18095414737383e-05	0.0	0.0	6.89440358472219e-05	0.0	0.0	0.049254048077487705	0.0	0.0016403675226928	0.0	0.0	0.0	0.0015542239619597	0.0	0.0	0.0	0.0	0.0	0.0001209150897993	0.0001478397553502	0.0	0.0	0.0006621881714749806	0.0014924234714671194	0.0013322868605734446	0.0	0.0	8.27132515249017e-05	0.0002015675924727	0.0	0.0	0.0	0.0001010498199823	0.0	0.0002321787762496	0.03166758407814637	0.0020288238198075	5.22512662174921e-05	0.0	0.0	0.00043027526832132554	0.0	0.0018332644129208967	0.0	0.0	0.0	0.0	0.0	0.0	0.0	0.0
2024_11_KUO_UH_24V1821	0.0	0.0	0.0039233255135903	0.0	0.0	0.0	0.0002865286071587	0.0	0.0039904843839544	0.0	0.0	0.0033741121221887	0.0005838133928487	0.0	0.0056742889659957005	0.0	0.0	0.038453979416664	0.0	0.0	0.0448244678243531	0.0	0.0	0.0	0.0	0.0	0.0	0.0	0.0	0.0	0.0	0.0	0.0	0.0	0.0	0.0	0.0	0.0860053143073276	0.0107430080007182	0.0	0.0	0.0	0.0553869305961542	0.0	0.732007395240011	0.0	0.0	0.0	0.0	0.0	0.0	0.0	0.0	0.0104089736633412	0.0	0.0	0.0	0.0	0.0	0.0	0.0	0.0	0.0	0.0002686076499746	0.0	0.0	0.0004672521927134	0.0	0.0	0.0029413506675289	0.0	0.0021784464723018	0.0	0.0	0.0	0.0	0.0	0.0	0.0	0.0	0.0	0.0	0.0	0.0	0.0	0.0	0.0	0.0	0.0	0.0	0.0	0.0	0.0	0.0	0.0	0.0	0.0	0.0	0.0	0.0	0.0	0.0	0.0	0.0	0.0	0.0	0.0	0.0	0.0034108214083752	0.0	0.0	0.0	0.0	0.0227246687011907	0.0	0.0	0.0	0.0	1.39068645109501	0.0	0.0	0.0	0.0	0.0	0.0	0.0	0.0	0.0	0.0034381253512753	0.0	0.0	0.0	0.0	0.0	0.0	0.0	0.0	0.006408226846087	0.0	0.0	0.0078098837174717	0.0019155808889776	0.0	0.0	0.0	0.0	0.0	0.0	0.0	0.0	0.0087835045560745	0.0	0.0059293974975104	0.0	0.0	0.0	0.0028454888340325	0.0	0.0	0.0	0.0	0.0	0.0	0.0	0.0	0.0	0.0085234220380407	0.0027881673759324	0.014314080810755601	0.0	0.0	0.0	0.0	0.0	0.0	0.0	0.0	0.0	0.0	0.0006155058968595	0.0063054544724862	0.0016964086655821	0.0	0.0	0.0088370427132621	0.0	0.0391215034823355	0.0	0.0	0.0	0.0	0.0	0.0	0.0	0.0
2024_11_KUO_WWTP_24V1820	0.0177016008015402	0.0	0.0034412754891565	0.001209796563203	0.0	0.00244360507005	0.0	0.0	0.0017799410193877	0.0084739830270481	0.0001504183464911	0.0028659520034992	0.0011980242473472	0.0	0.0	0.0004529800205112	0.0	0.0778705197168583	0.0	0.0	0.0	0.0	0.0	0.0	0.0	0.0	0.0	0.0	0.0057092942199767	0.0	0.0328383615819546	0.0	0.0011619503843674	0.0012604422026442	0.0	0.0	0.0	0.0311911055703173	0.011399289894232601	0.0037618912179599	0.0006368376910694	0.0	0.471652677999478	0.0043057791048939	1.06626516697125	0.0	0.0016596578902764	0.0	0.0	0.0	0.0	0.0	0.0389083932032556	0.912806210512797	0.0	0.0018520381354374	0.0	0.0	0.0	0.0	0.0	0.0	0.0	1.50861342903006e-05	0.0049512356559501	0.0090932628996326	0.0098629364758329	0.0	0.0	0.0292081616710803	0.0	0.112353728393772	0.0037111794490904	0.0129172158243568	0.0	0.0058334479950976	0.0	0.0	0.0	0.000979470230327	0.0	0.0	0.0	0.0	0.0004850576069002	0.0	0.0	0.0	0.0	0.0	0.0	0.0	0.0	0.0006597971790965	0.0012963169519019	0.0012940166351705	0.0	0.001454379053991	0.0	0.0022860603928901	0.0	0.0	0.0	0.0	0.0	0.0	0.0003627167841008	0.0	0.0114116825711598	0.0	0.0	0.0	0.0	0.154183154343998	0.0	0.0	0.0	0.0018226030253638	0.62887799062633	0.0	0.0	0.0	0.0287082620205112	0.0055533542192785995	0.0	0.0	0.0028642170591818	0.58618125844033	0.0079884677030546	0.0	0.0	0.0	0.0	0.0	0.0	0.0510324249635061	0.0009589283703478	0.0	0.0155409276545232	0.0	0.612602011607178	0.0018519416550178	1.248934021851551	0.0003840530655185	0.0041383088178135	0.0	0.0	0.0094011177846139	0.0008063389586672	0.0	1.2158460215718048	0.0	0.0155409276545232	0.0	0.0	0.0003029517406768	0.042176141296679695	0.0	0.0	0.0	0.0	0.0	0.0010637304610928	0.0001524502423333	0.0	0.0	0.018766153208158602	0.0282193874246825	0.065312680236958	0.0	0.0	1.54820451222549e-05	4.711704745989359	6.61639158937683e-05	0.0	0.0070913595830388	0.0340771466293073	0.0	0.0	0.18480836206489032	0.0740448635799589	0.0	7.73708022863572e-06	0.0	0.0016077809165343	0.0	0.0113576870356028	0.0102422365664468	0.0	0.0	0.0	0.0	0.0	0.0	0.0
2024_11_TRE_SA1_24V1720	0.0	0.0	0.0001501540989504	0.0003422545463413	0.0	0.0	0.0	0.0	0.0008562729847743	0.0021203354788769	0.0005151326265972	0.0009087267934443	7.54103020727634e-05	0.0	0.0289558486288692	0.0	0.0	0.0086095411330632	0.0	0.0	0.0	0.0	0.0	0.0	0.0	0.0	0.0	0.0	0.0	0.0824274501286031	0.0	0.0	0.000388697651148	0.0	0.0	0.0	0.0	0.004603389162285548	0.0372634563110755	0.0	0.0006391081357987	0.0	0.0849278343949141	0.0	0.103274408688649	0.0	0.0	0.0	0.0	0.0	0.0	0.0	0.0467581913881411	0.0	0.0	0.0011616506222526	0.0	0.0	0.0021814840790912	0.0	0.0	0.0	0.0	5.04663972096908e-05	0.0	0.0010806728769373	0.0019313365224319	0.0	0.0	0.0226008334397539	0.0238527927067655	0.0235306318112122	0.0	0.0	0.0	0.0004871898494865	0.0	0.0	0.0	0.0	0.0	0.0002467945068526	0.0	0.0	0.0	0.0	0.0	0.0	0.0	0.0	0.0	0.0	0.0	0.0	0.0	0.0	0.0	0.0001617326891999	0.0	0.0	0.0	0.0	0.0	0.0	0.0	0.0	0.0001820049684247	0.0	0.0	0.0	0.0	0.0	0.0001745516606028	0.0016773208232545	0.0	0.0	0.0	0.0	0.19921336429924	0.0	0.0	0.0	0.0091814039230441	0.0002014774186679	0.0	0.0	0.0064096452174076	0.0013546630278298	0.0016659034225775002	0.0	0.0	0.0	0.0	0.0	0.0	0.0553049692799075	0.0	0.0011685756275998	0.0	0.0	0.517725947139757	0.105742015005077	0.0	0.0	0.0	0.0	3.33359456402004e-05	0.0	0.0	0.0	0.053949187911855996	0.0	0.0107224795906248	0.0	0.0	0.0012510926836804	0.0	0.0	0.0	0.0	0.0	0.0012331195185477	0.0	0.0	0.0	0.0	0.0013337808578319	0.0043707679672075	0.0294960394114628	0.0	3.30106720369224e-05	0.0001009920696886	0.0127699311722268	0.0	0.0	0.0019368411460708	0.0	0.0198052800120192	0.0043361923563253	0.0395167012056986	0.0090301322041921	0.0004459336472854	0.0	0.0	0.0026194283341133	0.0	0.0013028983442207	0.0	0.0	0.0	0.0	0.0	0.0	0.0	0.0
2024_11_TRE_SA2_24V1723	0.0	0.0	0.0	0.0258048162246703	0.0022224301240224	0.0	0.0043198087833296	0.0	0.0377897773347238	0.002948708813059	0.0	0.0251328138744155	0.0205374903991046	0.0353929930866299	0.027834278192491402	0.0	0.0	0.38435018180875	0.0	0.0	0.0	0.0	0.0	0.0	0.0	0.0	0.0	0.0	0.0	0.0	0.0	0.0	0.0	0.0	0.0	0.0	0.0	0.0918643347327513	0.10713938729228059	0.0007650137556544	0.0	0.0	1.03481286266515	0.0	1.67529959711955	0.0	0.0	0.0	0.0	0.0	0.0020633264333741	0.0	0.0062603326639883	0.0054489391301562	0.0	0.0079762467302189	0.0	0.0	0.0	0.0	0.0	0.0	0.0	9.81727505282983e-05	0.0	0.0221903424600584	0.046963085608996	0.0	0.0	1.44256913797317	0.0	0.0492113386741106	0.0944374036099799	0.0	0.0	0.0205665454691967	0.0015720315283359	0.0	0.0	0.0	0.0	0.0	0.0	0.0	0.0007891259370647	0.0	0.0	0.0	0.0	0.0	0.0	0.0	0.0	0.0	0.0	0.0078944908445916	0.0	0.0	0.0	0.0	0.0	0.0	0.0	0.0	0.0	0.0	0.0044256994128771	0.0	0.0	0.0	0.0	0.0	0.0	6.41161373526068	0.0	0.0	0.0	0.00222385439352	5.57426639606756	0.0	0.0	0.0	3.98375063524601	0.0031091468144246	0.0	0.0	0.0	0.384812398734691	0.0550816558480298	0.0	0.0	0.0	0.0	0.0	0.0	0.471879178274557	0.0	0.0416760851098765	0.0	0.0	0.0027986953751501	0.0005021448906671	0.1036835336703762	0.0037488277379665	0.0	0.0	0.0	0.0044403101671768	0.0	0.0	6.692492303883162	0.0	0.0474057704323595	0.0	0.0	0.0014750073942228	0.0	0.0	0.0	0.0	0.0	0.0	0.0	0.0	0.0	0.0	0.0903105656108781	0.16822746627192559	0.45904979113353905	0.0	0.0	0.0	0.01314141341735	0.0	0.0	0.0	0.0	0.0	6.7474213248725	10.543788685868911	0.189314952957238	3.73913301616154e-05	0.0	0.0	0.031543740594316	0.0056223305179013	0.0124198367775545	0.159053933797413	0.0	0.0	0.0	0.0	0.0	0.0	0.0
2024_11_TRE_UH_24V1712	0.0	0.0	0.0004846115532181	0.0102532077300403	0.0088492664309946	0.0	0.0	0.0	0.0	0.0	0.0	0.0	0.0	0.0	0.0	0.0	0.0	0.0	0.0	0.0	0.0	0.0	0.0	0.0	0.0	0.0	0.0	0.0	0.0	0.0	0.0	0.0	0.0	0.0	0.0	0.0	0.0	0.0095114969501243	0.0020682330602115	0.0	0.0	0.0	2.65458415666631	0.0	0.6568952113657	0.0	0.0	0.0	0.0	0.0	0.0	0.0	0.0	0.0074665761886684	0.0	0.0	0.0	0.0	0.0	0.0	0.0	0.0	0.0	0.0	0.0	0.0	0.0	0.0	0.0	0.0	0.0	0.0057014663762812	0.0	0.0	0.0	0.0	0.0	0.0	0.0	0.0	0.0	0.0	0.0	0.0	0.0	0.0	0.0	0.0	0.0	0.0	0.0	0.0	0.0	0.0	0.0	0.0	0.0	0.0	0.0	0.0	0.0	0.0	0.0	0.0	0.0	0.0	0.0	0.0	0.0	0.0	0.0	0.0	0.0	0.0013533580752776	0.0	0.0	0.0	0.0	1.15094811751613	0.0147431120415654	0.0	0.0	0.0	0.001300507751457	0.0	0.0	0.0612069480984007	0.0	0.0	0.0	0.0	0.0	0.0	0.0	0.0	0.0089774490265943	0.0	0.0	0.0101571247144889	0.0	0.127441328091078	0.0053833757055719	0.787368615895525	0.0	0.0	0.0	0.0	0.0	0.0	0.0	1.839921984059227	0.0	0.0853915064733757	0.0	0.0	0.0	0.0	0.0	0.0	0.0	0.0	0.0	0.0	0.0	0.0	0.0	0.0	0.0022172868292822	0.0021810617993962	0.0	0.0	0.0	0.07091278866596361	0.0	0.0	0.0	0.0	0.0	0.0	0.0071530523190662	0.0333558750760865	0.0	0.0	0.0	0.0877490886839126	0.0	0.0414257421015239	0.0	0.0	0.0	0.0	0.0426345377049658	0.0	0.0	0.0
2024_11_TRE_WWTP_24V1716	0.0	0.0001138354259566	0.0	0.0	0.0015348754038557	0.0	0.0	0.0005776500326794	0.0	0.0028690713856551	0.0	0.0	0.0	0.0	0.0	0.0	0.0	0.0358682389049866	0.0	0.0	0.0	0.0	0.0	0.0	0.0	0.0	0.0	0.0	0.0	0.0	0.0	0.0	0.0015911100630487	0.0	0.0	0.0	0.0	0.0033117672374882003	0.0010187139488244	0.0058447715310531	0.0	0.0	0.092579879936727	0.0	0.115623241277997	0.0028233218412714	0.0	0.0	0.0	0.0	0.0005343726488539	0.0	0.06379516167334749	0.012277430612604	0.0	0.000281162533113	0.0	0.0	0.0005887761535918	0.0	0.0	0.0	0.0	0.0001080578116774	0.0	0.0006049460964207	0.0	0.0	0.0059222399856053	0.0114862441114016	0.0	0.039044256322929606	0.0	0.0008029913517178	0.000116058153939	0.0008185850289397	0.0	0.0	0.0	0.0	0.0	0.0	0.0	0.0	0.0	0.0	0.0	0.0	0.0	0.0	0.0	0.0	0.0	0.0	0.0	0.0	0.0	0.0	0.0	0.0	0.0	0.0	0.0026186128229679	0.0	0.0	0.0	0.0004584776659741	0.0	0.0	0.0	0.0	0.0	0.0	0.0221824945200927	0.0	0.0	0.0007067108827202	0.0	0.172872479041064	0.0	0.0	0.0	0.0849145975218832	0.0012709771189967	0.0	0.0091521586088215	0.0010611514873537	0.434802926234498	0.0023606204336935	0.0	0.0	0.0	0.0	0.0	0.0	0.0306040465614401	0.0	0.0	0.0014694374114496	0.0	0.269910057822945	0.0028549422378063	0.414425024409488	0.0037622137884352	0.0081874393031516	0.0	0.0	0.0	0.0019365190636919	0.0	0.3095997135252091	0.0	0.0108742956854493	0.0	0.0	0.0011937695539544	0.0	0.0	0.0	0.0	0.0	0.0	0.0	0.0002901116666158	0.0011514515321494	0.0	0.0058928302737638	0.0066967051165989	0.032335618280577	0.0	0.0	0.0001076320347668	0.1222656797316149	0.0	0.0	0.0	0.0120794075382072	0.0	0.0624599224575714	0.15572028347097513	0.0245998531542281	1.61740512130452e-05	0.0	0.0	0.0	0.0	0.011576973640017	0.0	0.0	0.0	0.0	0.0	0.0	0.0	0.0
2024_12_KUO_SA1_24V1913	0.0	0.0059837912719968	0.0	0.0016267589307162	0.0	0.0004141851098891	0.0	0.0	0.0011914219973912	0.0045035328753083	0.0001988652393335	0.000818558906681	0.0008122487723063	0.0	0.0	0.0	0.0	0.0653231888445301	0.0	0.0	0.0	0.0	0.0	0.0	0.0	0.0	0.0	0.0	0.0043009398656718	0.0	0.0	0.0	0.0	0.0	0.0	0.0	0.0	0.013135245930100601	0.00477651214072	0.0031881570115377	0.0004317697524694	0.0	0.0208922348079962	0.0	0.238988724191197	0.0	0.0	0.0	0.0	0.0	0.0	0.0	0.008793754082022	0.125954729916532	0.0	0.0	0.0	0.0	0.0	0.0	0.0	0.0	0.0	6.13695127620878e-05	0.0047955565076054	0.0	0.0029357450678714	0.0	0.0	0.0064832446319647	0.0	0.0	0.0	0.0	0.0	0.0188976215726522	0.0	0.0	0.000448584906146	0.0	0.0	0.0	0.0	0.0	0.0	0.0008826317680939	0.0	0.0	0.0	0.0	0.0	0.0	0.0	0.0	0.0004394451343675	0.0	0.0	0.0004396856297208	0.0	0.0	0.0	0.0	0.0	0.0	0.0	0.0	0.0	0.0	0.0	0.0	0.0	0.0	0.0	0.0062324197714968	0.0	0.0	0.002332713147483	0.0	0.372539192808062	0.0	0.0	0.0	0.0	4.54639146030329e-05	0.0	0.0	0.003124914690422	0.0	0.0077767806648477	0.0	0.0	0.0	0.0	0.0	0.0	0.0099487343177868	0.0	0.0	0.0031892116450181	0.0	0.0036996838999618	0.0015516088152575	0.0	0.0	0.0	0.0	0.0	0.0016448687230351	0.0013120559067623	0.0	0.3783161763735824	0.0	0.0086550623132891	0.0012528897729551	0.0	0.0	0.006779878201751	0.0	0.0	0.0	0.0	0.0006664583715532	0.0003605994465473	0.0	0.0	0.0	0.0060856278037599	0.0193163552918443	0.0159239778452687	0.0	0.0	0.0	23.1234140247917	0.0	0.0	0.0	0.0148669047139672	0.0	0.0	0.076149079291552	0.0520232107942389	6.93735918234606e-05	0.0	0.0	0.013811265294737099	0.0029940952804006	0.0105683604306823	0.0008417135326427	0.0	0.0	0.0	0.0	0.0	0.0	0.0
2024_12_KUO_SA2_24V1914	0.0	0.0002035114895949	0.0	0.0	0.0	0.0	0.0	0.0	0.0	0.0010258475980423	6.0256619713996e-05	6.1895942955643e-05	0.0	0.0	0.0	0.0	0.0	0.0024402420933368	0.0	0.0	0.0	0.0	0.0	0.0	0.0	0.0	0.0	0.0	0.0	0.0	0.0	0.0	0.0	0.0	0.0	7.91895981407709e-05	3.42506850009911e-05	0.0029811218249206468	0.001648409419365037	0.0	0.0	0.0	0.205454375724844	0.0	0.040098255044764	0.0	0.0	0.0	0.0	0.0	0.0	0.0	0.0008269223222498	0.0159292711391734	0.0	0.0	0.0	0.0	0.0	0.0	0.000134961465638	0.0	0.0	3.0991836523159e-05	0.0	0.0	0.0011860499081341	0.0	0.0	0.0038858966328321	0.0001965048381363	0.0	0.0	0.0	0.0	0.0002650609198806615	6.61692698136841e-05	0.0	0.0	0.0	0.0	0.0001010390468917	0.0	0.0	0.0	0.0	0.0	0.0	0.0	0.0	0.0	0.0	0.0	0.0	0.0001331528749594	0.0	0.0	6.66128727991637e-05	0.000235888317485	0.0	0.0003354509351585	0.0	0.0	0.0	0.0002393674962089	0.0	0.0	0.0	0.0	0.0	0.0	0.0	0.0	0.0071245591405138	0.0	0.0	0.0001325282602499	0.0	0.0492455476315332	0.0	0.0	0.0	0.0	0.0	0.0	0.0	0.0004531383515081	0.0018060266053017	0.0008169578485865107	3.40804625009861e-05	0.0	0.0	0.0	0.0	0.0	0.0015072445602647	0.0	0.0003189475842051	0.0	0.0	0.0041300465475322	7.2256181802621e-05	0.0004612560366388	0.0	0.0002587393266795	0.0	6.21785772519047e-05	0.0003114993520723	0.0003644262629409	0.0	0.007905261552292472	0.0	0.0024514707205422	0.0	0.0	0.0	0.0009028560547256	0.0	0.0	0.0	0.0	0.0	0.0001092624522641	0.0	0.0	0.0	0.0002721580764332704	0.0010597250550359572	0.0047163145556437	0.0	0.0	1.59025832012375e-06	0.0354039630181446	0.0	0.0	6.06998488080149e-05	0.0	0.0	0.0	0.0019119765541837	0.0117856432662032	8.02668429020316e-05	0.0	0.0	8.46442084994937e-05	0.0	0.0008210345485482	0.0	0.0	0.0	0.0	0.0	0.0	0.0	0.0
2024_12_KUO_UH_24V1912	0.0	0.0	0.0007229331694546	0.001461365671792	0.0	0.0	0.0005939697396241	0.0	0.0035521622169068	0.0002437164560541	0.0002362058870495	0.0006073522044807	0.0004852640649276	0.0172810551559417	0.00591802955356	0.0	0.0	0.0093886030323091	0.0	0.0	0.0005762510771015	0.0	0.0	0.0	0.0	0.0	0.0	0.0	0.0	0.0	0.0	0.0	0.0	0.0	0.0	0.0	0.0	0.0036734486987613	0.007459253795701899	0.0007573585584763	0.0007692638320678	0.0	0.105927316177966	0.0	0.588002555207219	0.0	0.0	0.0	0.0	0.0	0.0	0.0	0.0012605968080319	0.0	0.0	0.0	0.0	0.0	0.0013753917217612	0.0	0.0	0.0	0.0	0.0	0.0	0.0	0.0052304787168828	0.0	0.0	0.0082602793149641	0.0	0.0	0.0	0.0	0.0	0.0007786795460466	0.0	0.0	0.0	0.0	0.0	0.0	0.0	0.0	0.0	0.0	0.0	0.0	0.0	0.0	0.0	0.0	0.0	0.0	0.000652448915411	0.0	0.0	0.0009075954464349	0.0	0.0	0.0	0.0	0.0	0.0	0.0028149610138058	0.0	0.0	0.0	0.0	0.0	0.0	0.0	0.0	0.0026918809130611	0.0	0.0	0.0	0.0	0.100411273034372	0.0	0.0	0.0	0.0	0.0001067209196947	0.0	0.0	0.0	0.0030381056874474	0.0	0.0	0.0	0.0	0.0	0.0	0.0	0.0	0.0	0.0	0.0036688649891586	0.0	0.003122314367349	0.0023270451415817	0.0	0.0	0.0	0.0	0.0001036870894096	0.0	0.0001298682340337	0.0	0.0252779021508409	0.0	0.0044696570664176	0.0	0.0	0.0	0.0	0.0	0.0	0.0	0.0	0.0	0.0	0.0	0.0	0.0	0.0	0.001489779963168	0.0009458336801199999	0.0	0.0	7.4805731670774e-05	0.0014069408700471	0.0	0.0	0.0	0.0	0.0	6.93865159708792	0.0	0.0069895927440875	0.0018631975346462	0.0	0.0	0.0026635108437434	0.0002983964301689	0.004804636319986301	0.0	0.0	0.0	0.0	0.0	0.0	0.0	0.0
2024_12_KUO_WWTP_24V1911	0.0	0.003146296089147	0.0	0.0001726741130042	0.0003074087278863	0.0	0.0	0.0	0.000749506263397	0.0025240258808364	7.42555674074421e-05	0.0003059218783615	0.0007591330426192	0.0	0.0012988999064571	0.0	0.0	0.0140334338344475	0.0	0.0	0.0	0.0	0.0	0.0	0.0	0.0	0.0	0.0	0.0	0.0	0.0038003799502906	0.0	0.0005883167033686	0.0	0.0	0.0	0.0	0.008381041890421386	0.00356827942985763	0.0	0.0	0.0	0.161364014527507	0.0004589672860219	0.264905651118339	0.0	0.0	0.0	0.0	0.0	0.0	0.0	0.0	0.0348210618565775	0.0	0.0	0.0	0.0	0.0	0.0	0.0	0.0	0.0	0.0	0.0	0.0	0.0021923933665729	0.0	0.0	0.0105100773379115	0.0	0.0041371200059062	0.0	0.0	0.0	0.0013100789002896	0.0	8.19763607941157e-05	0.0	0.0	0.0	0.0	0.0	0.0	0.0	0.0	0.0	0.0	0.0	0.0	0.0	0.0	0.0	0.0	0.0001640872377005	0.0	0.0	0.0005733685392298888	0.0	0.0	0.0	0.0	0.0	0.0	0.0	0.0	0.0	0.0	0.0041031771455623	0.0	0.0	0.0	0.0	0.0198866673333217	0.0	0.0	0.0010670077395548	0.0003845071678109	0.114188225104495	0.0	0.0	0.0	0.0001597309608314	0.0009842774461836	0.0	0.0024797714783387	0.0011668319421472	0.295146978751386	0.0014773752608270999	0.0	0.0	0.0	0.0	0.0	0.0	0.0083377109864977	0.0	0.0	0.0007483442278168	0.0	0.103026990214745	0.000673932488886	0.0344268300501653	0.0001945161240564	0.0	0.0	0.0001834760357946	0.0016890172312664	0.0006532226289081	0.0	0.1627630271432402	0.0	0.0022481872961204	0.0	0.0	0.0	0.0	0.0	0.0	0.0	0.0	0.0	0.0	0.0	0.0	0.0	0.0014309271911589	0.0106642041531509	0.011661177458934862	0.0	0.0	0.0	1.835097313206204	0.0001674906439205	0.0	0.0012826640768468	0.00802680587119	0.0	0.0260932212895651	0.1242798247276105	0.0160012077523067	4.65480511771495e-05	0.0	0.0	0.0047059667091429004	0.0002001284138265	0.0009991423557903	0.0	0.0	0.0	0.0	0.0	0.0	0.0	0.0
2024_12_TRE_SA1_24V1732	0.0	0.0	0.0	0.0	0.0	0.0	0.0	0.0742900764779502	0.0	0.0030904395512593003	0.0057205584880412	0.0	0.0002791443221509	0.0	0.0011197013761468	0.000420690554312	0.0	0.0306439527588726	0.0	0.0	0.0	0.0	0.0	0.0	0.0	0.0	0.0	0.0	0.0	0.0	0.0	0.0	0.0	0.0	0.0	0.0	0.0	0.0123261847873262	0.0083801592516057	0.0011645782963812	0.0	0.0	0.0798752003279716	0.0042093191435468	0.287037903260713	0.0	0.0	0.0	0.0	0.0	0.0	0.0	0.0008307427741689	0.0	0.0	0.0	0.0	0.0	0.0	0.0	0.0	0.0	0.0	0.0	0.0	0.0017779103232315	0.0031277650956403	0.0	0.0	0.016595905210908802	0.0015067449207014	0.0044590633976923	0.0	0.0015733044890354	0.0	0.0062935299484513	0.0	0.0	0.0006144759855278	0.0	0.0	0.0	0.0	0.0	0.0	0.0	0.0	0.0	0.0	0.0	0.0	0.0	0.0	0.0	0.0	0.0	0.0	0.0	0.0	0.0	0.0	0.0	0.0	0.0	0.0	0.0	0.0	0.0	0.0	0.0	0.0	0.0	0.0	0.0046566706209322	0.0	0.0	0.0005591903190623	0.0	0.0	0.0	0.133089547352782	0.0	0.192525399702271	0.0	0.0	0.0	0.0017733660172433	0.0137577865395442	0.0026753417206453996	0.0	0.0	0.0	0.0	0.0	0.0	0.0021198914228294	0.0	0.0	0.0041179662865493	0.0	0.0010651115316528	0.0007007126132112	0.0006415193763219	0.0	0.0053472286186714	0.0	9.1636086519729e-05	0.0008449339655127	0.0017972669952318	0.0	0.3698165085202726	0.0	0.0149486033781401	0.0	0.0	0.0002806749528386	0.0024149428192136	0.0	0.0	0.0	0.0	0.0	0.0	0.0	0.0008541144664961	0.0	0.0055519834140823	0.0091844171488993	0.0223528938910406	0.0	0.0	0.0	0.0	0.0	0.0011463817605003	0.0	0.0	0.0	0.0166348475032028	1.5926148034730814	0.0302893801987045	2.84603585603443e-05	0.0	0.0	0.0030234244232975	0.0	0.0	0.0	0.0	0.0	0.0	0.0	0.0	0.0	0.0
2024_12_TRE_SA2_24V1929	0.0	0.0	0.0	0.0	0.000441840267634	0.0	0.0	0.0002905042083054	0.0	0.0020525958362688	0.0	0.0	0.0001453071725607	0.0	0.0	0.0	0.0	0.0106721334367279	0.0	0.0	0.0	0.0	0.0	0.0	0.0	0.0	0.0	0.0	0.0	0.0	0.0	0.0	0.0	0.0	0.0	0.0	0.0	0.002919231849954437	0.0008519763734215	0.0	0.0	0.0	0.15519052766874	0.0	0.0479650195877653	0.0	0.0	0.0	0.0	0.0	0.0	0.0	0.13289581619905438	0.0	0.0	0.0	0.0001440149870332	0.0	0.0	0.0	0.0	0.0	0.0	7.56310002093502e-05	0.0	0.0	0.0	0.0002407990903608	0.0	0.009894877237364	0.0007793548922308	0.0	0.0	0.0	0.0	0.0004700839269804	0.0	0.0	0.0	0.0	0.0	0.0	0.0	0.0	0.0	0.0	0.0	0.0	0.0	0.0	0.0	0.0	0.0	0.0	0.0	0.0	0.0	0.0006281700852745999	0.0	0.0	0.0	0.0	0.0	0.0	0.0	0.0	0.0	0.0	0.0	0.0	0.0	0.0	0.0	0.0034462034837873	0.0	0.0	0.0005842347182021	0.0	0.112052099006611	0.0	0.0	0.0	0.0068194414933103	0.0	0.0	0.0	0.0	0.0275556779547318	0.0007899692279435	0.0	0.0	0.0	0.0	0.0	0.0	0.0021357335391285	0.0	0.0	0.0019017791208618	0.0	0.0002786925191043	0.0003212093346682	0.0	0.359794852155159	0.0805708966690434	0.0	0.0	0.0001471293226453	0.0	0.0	3.4580176137160943	0.0	0.0055201922617559	0.0	0.0	0.0	0.0026060382323908	0.0	0.0	0.0	0.0	0.0	0.0	0.0	0.0	0.0	0.002095563374364	0.0059355522241022005	0.015250543338974699	0.0	0.0	5.25784530657923e-05	0.012756284111595101	0.0	0.0	0.0	0.0628962677803158	0.0	0.0003049100123238	0.390083226906497	0.0136758640725554	0.0	0.0	0.0	0.0039571109724975	0.0014314542875481	0.0026165692618269	0.0010540478778564	0.0	0.0	0.0	0.0	0.0	0.0	0.0
2024_12_TRE_UH_24V1724	0.0	0.0	0.0	0.0001118003923192	0.0002287832966739	0.0	0.0	0.0	0.0001646559778063334	0.0	0.0	0.0	0.0001116449766342	0.0006654130304593	0.0001116590874755	0.0	0.0	0.0013119683684521	0.0	0.0	0.0	0.0	0.0	0.0	0.0	0.0	0.0	0.0	0.0	0.0	0.0	0.0	0.0	0.0	0.0	0.0	0.0	0.0008198272907320264	0.0	0.0	0.0	0.0	0.0558904762729898	0.0	0.202348903045834	0.0	0.0	0.0	0.0	0.0	0.0	0.0	0.0012639927987025	0.0	0.0	0.0	0.0	0.0	0.0	0.0	0.0	0.0	0.0	0.0	0.0	0.0003568039984275	0.0	0.0	0.0	0.0001187907355259	0.0	0.0	0.0	0.0	0.0	0.0	0.0	0.0	0.0	0.0	0.0	0.0	0.0	0.0	0.0	0.0	0.0	0.0	0.0	0.0	0.0	0.0	0.0	0.0	0.0	0.0	0.0	0.0	0.0	0.0001223779886558	0.0	0.0	0.0	0.0	0.0	0.0	0.0	0.0	0.0	0.0	0.0	0.0	0.0	0.0003115115303619	0.0	0.0	0.0	0.0	0.0364632778133126	0.0	0.0	0.0	0.0	0.0	0.0	0.0	0.197151903611862	0.005702652706824	0.000728867824017	0.0	0.0	0.0	0.0	0.0	0.0	0.0	0.0	0.0005787400590281	0.0	0.0	0.0011776434441555	0.0004087579233191	0.0001323912333442	5.00498109853719	0.0	0.0	1.82841026352943e-05	0.0	0.0	0.0	0.0016226696413979	0.0	0.0018620656442525	0.0	0.0	0.0	0.0	0.0	0.0	0.0	0.0	0.0	0.0003965200628844	0.0	0.0	0.0	0.0	0.0	0.0001243240501134	0.0	1.90733894072857e-05	2.88557192352525e-06	0.0	0.0	0.0	0.0	0.0002761461303158	0.0	0.0	0.0	0.0001187627894614	7.31730362941477e-05	0.0	0.0	0.0010520801124099	0.0	0.0234043771510131	0.0	0.0	0.0	0.0	0.0	0.0	0.0	0.0
2024_12_TRE_WWTP_24V1728	0.0	0.0088182080971095	0.0	0.0036709055347306	0.0	0.0	0.0020634522263834	0.0	0.0039783299494871	0.00368676862423	0.0	0.0	0.0	0.0	0.0	0.0	0.0	0.0461547570109658	0.0	0.0	0.0	0.0	0.0	0.0	0.0	0.0	0.0	0.0	0.0	0.0	0.0382785636519422	0.0	0.0	0.0062968058556975	0.0	0.001348013380708	0.0	0.0043119777208598	0.0095336891788021	0.0087702178489619	0.0016702651888893	0.0	1.25210475308927	0.0340770512806053	0.700348054280926	0.0	0.0	0.0	0.0	0.0	0.0	0.0	0.1475899310337406	0.0273294663043544	0.0	0.0	0.0	0.0	0.0	0.0	0.0	0.0	0.0	0.0	0.0	0.0	0.0050474152663027	0.0	0.0	0.025655386982279902	0.0185789855852488	0.0436910487731136	0.0011277528734887	0.0014810321421138	0.0	0.0073333464888468	0.0	0.0	0.0	0.0011442573336005	0.0	0.0	0.0	0.0	0.0	0.0	0.0	0.0	0.0	0.0	0.0	0.0	0.0	0.0	0.0	0.0	0.0	0.0	0.0	0.0	0.0	0.0	0.0	0.0	0.0040746587351372	0.0	0.0215631389261669	0.0	0.0	0.0011168111935411	0.0	0.0	0.0	0.100821941967836	0.0	0.0	0.0073695230554964	0.0	0.44764979461428	0.0	0.0	0.0	0.14019653280426578	0.0	0.0	0.0042312563635829	0.0	2.70879770875781	0.0097492921688454	0.0	0.0	0.0	0.0	0.0	0.0	0.0193854636411082	0.0	0.0	0.0063728226584153	0.0	0.344992546098756	0.0031421740600248	0.5405370331658242	0.115500827189295	0.0308309244986475	0.0	0.0002372197967795	0.0074235433232096	0.0	0.0	1.6244864974858508	0.0	0.0281437728513822	0.0	0.0	0.0	0.0	0.0	0.0	0.0	0.0	0.0	0.0	0.0	0.0	0.0	0.0070269447733194	0.0381170055530847	0.0937919322254578	0.0	0.0	0.0	0.0446654064046411	0.0	0.0	0.0067162527287431	0.0	0.0661265095792746	0.219229282089655	1.5299871243654484	0.114799509726831	0.0001607471640653	0.0	0.0	0.0374076373969209	0.0	0.0035036894455434	0.0	0.0	0.0	0.0	0.0	0.0	0.0	0.0
2025_01_KUO_SA1_25V0073	0.0	0.0009217577702924	7.20646984046796e-05	0.0003972587019118732	0.0	0.0	0.0	0.0	0.0001413103271515	0.0017077119689159	0.0	0.0003463126541573444	7.29675800773538e-05	0.0	1.80480777689433e-05	0.0	0.0	0.0058007600746681	0.0	0.0	0.0	0.0	0.0	0.0	0.0	0.0	0.0	0.0	7.63854940263733e-05	0.0	0.0	0.0	0.0	0.0	0.0	0.0001531735270082	0.0	0.001553071116681571	0.0007514148260683872	9.43704383870807e-05	0.0	0.0	0.0027136491516483	0.0	0.0258952482934149	0.0	0.0	0.0	0.0	0.0	0.0	0.0	0.0015617871230031	0.0007528296362456	0.0	0.0	0.0	0.0	9.34801512324856e-05	0.0	0.0	0.0	0.0	2.05876420418893e-05	0.0	5.76284744916259e-05	0.0002896632213586	5.97646504047186e-05	0.0	0.0005577001925952788	0.0	0.0	0.0	0.0	0.0	0.0002731098729296964	0.0001163850757269	0.0	0.0	0.0	0.0	1.96404821529616e-05	0.0	0.0	0.0	0.0	0.0	0.0	0.0	3.9492970617566e-05	0.0	0.0	0.0	0.0	0.0	0.0	0.0	0.0	0.0	0.0027078916871108	0.0	0.0	0.0	0.0	0.0	0.0	0.0001091889369767	0.0	0.0	0.0	0.0	0.0	0.0	0.000654070993278	0.0	9.53606247686062e-06	0.000616262629772	0.0	0.0628191189069318	0.0	0.0	0.0	2.95455457578199e-05	0.0	0.0	0.0	0.0003052448718891	0.0111234788820089	0.0004442803399854394	0.0	0.0	0.0	0.0	0.0	0.0	0.0	0.0	0.0	0.0	0.0	0.0002074960293377	0.0003154989192503	0.000106914508348	0.0	0.0	0.0	0.0	0.0	0.0	0.0	0.003355965160376359	0.0	0.0008019940206534	0.0006046630106164999	0.0	0.0	3.89538910295566e-05	0.0	0.0	0.0	0.0	0.0	0.0	0.0	0.0	0.0	0.0	0.0003800140376939	0.0009402519440577582	0.0	0.0	5.59268759503263e-06	0.0013953841011786	0.0	0.0	0.0	0.0	0.0	0.0	0.0093833763050566	0.0002247132031074	8.22149190984219e-06	0.0	0.0	0.0004959469669495387	0.0	0.0013835652988230872	0.0	0.0	0.0	0.0	0.0	0.0	0.0	0.0
2025_01_KUO_SA2_25V0074	0.0	0.0206717045802348	0.0	0.0	0.0	0.0	0.0	0.0	0.0	0.0016104284777114998	0.0004282549164506	0.0010733625303317	0.000215660459716	0.0	0.0	0.0	0.0	0.0158136725177121	0.0	0.0	0.0	0.0	0.0	0.0	0.0	0.0	0.0	0.0	0.0	0.0	0.0	0.0	0.0242599866316618	0.0	0.0	5.51615746999544e-05	0.0	0.0080856646718774	0.0064993246094272004	0.0014503736446224	0.0	0.0	0.0150586495888547	0.0003226039617325	0.230345171381573	0.0	0.0	0.0	0.0	0.0	0.0	0.0	0.0	0.502699492612539	0.0	0.0	0.0	0.0	0.0	0.0	0.0	0.0	0.0	3.93723154114485e-05	0.0013425357070428	0.0003406494579764	0.0013697897814854	0.0	0.0	0.0079677954192274	0.0	0.0	0.0	0.0	0.0	0.0012646135210327	0.0006877804223563	0.0	0.0	0.0	0.0	0.0006952462837030999	0.0	0.0	0.0	0.0	0.0	0.0	0.0	0.0	0.0	0.0	0.0	0.000587032334319	0.0	0.0	0.0	0.0144549267844017	0.0	0.0	0.0	0.0	0.0	0.0	0.004976094737166	0.0	0.0	0.0	0.0	0.0	0.0	0.0	0.0	0.0077325985566611	0.0	0.0	0.0023877236061435	0.0	0.335015419705351	0.0	0.0	0.0	0.00271785119883	0.0067775584545087	0.0	0.0006972035937787	0.0019449405125804	0.0049763854223743	0.0025271434115657	0.0002361607330112	0.0	0.0	0.0	0.0	0.0	0.0002320990803383	0.0	0.0022101488580403	0.0	0.0	2.56499382140651	0.0006086935927422	0.0025850709630737	0.003006944948127	0.0	0.000249614696049	0.0	0.0002158536296736	0.0002295721442432	0.0	0.1660233493979297	0.0	0.0104690274171737	0.0082309396799814	0.0	0.0	0.0	0.0	0.0	0.0	0.0	0.0	0.0	0.0	0.0001080650939077	0.0	0.0	0.0026154155130185	0.0027610092193819	0.0	0.0	5.50985143682814e-05	5.705997517824658	0.0	0.0	0.0008412398034655	0.0	0.0	0.153547359263441	0.6896115251791209	0.0118688037102172	1.82230556833001e-05	0.0	0.0	0.0005718291918302	0.0	0.0008861400907899	0.0	0.0	0.0	0.0	0.0	0.0	0.0	0.0
2025_01_KUO_UH_25V0072	0.0	0.0	0.0	0.0001569531838796047	0.0008019775719614	0.0	6.16822884427556e-05	0.0	0.00021549811924986942	0.0	0.0002452939718122	0.0004733469442397711	0.0	0.0	0.0002202947913744354	0.0	0.0	0.00078182615482	0.0	0.0	0.0	0.0	0.0	0.0	0.0	0.0	0.0	0.0	0.0	0.0	0.0	0.0	0.0	0.0	0.0	0.0	0.0	0.05713160122785799	0.007145454677783029	6.55415109868591e-05	0.0	6.66344571087487e-05	0.0077886667315957	0.0	0.0610432936012347	0.0	0.0	0.0	0.0	0.0	0.0	0.0	0.0	0.0002334152171945	0.0	0.0	0.0	0.0	0.0	0.0	6.86755125517193e-05	0.0	0.0	2.10270415394556e-05	0.0	0.0	0.0001005874590054	0.0	0.0	6.6868262221411e-05	0.0	0.0	0.0	0.0	0.0	6.78015630898543e-05	0.0	0.0	0.0	0.0	0.0	0.0	0.0	0.0	0.0	0.0	0.0	0.0	0.0	0.0	0.0	0.0	0.0	0.0	0.0	6.76349744827539e-05	0.0	0.0004012095733284	0.0	0.0	0.0	0.0	0.0	0.0	0.0	0.0	0.0	0.0	0.0	0.0	0.0	0.0	0.0	0.0	0.0	0.0	0.0	0.0	0.0	0.0	0.008251882782204	0.0	0.0027848259593422	0.0	0.0	0.0	0.0	0.0	0.0019158557252458	0.0	0.0001304274343407	0.0	0.0	0.0	0.0	0.0	0.0	0.0	0.0001639079798414	0.0	8.99154046202495e-05	0.0006978664391884	0.0004699806312495797	0.0	0.0005642580736342	0.0	0.0	0.0	6.74324745591529e-05	0.0	0.0049328787613845005	0.0	0.005221831858953	6.43916599169142e-05	0.0	0.0	0.0	0.0036413351007891	0.0	0.0	0.0	0.0	0.0	0.0	0.0	3.59134170038672e-06	0.0	6.87136074137644e-05	0.0	0.0	4.58467951312646e-06	2.26578048172497e-05	0.0070203380851529	0.0	0.0	0.0	0.0	0.0	0.0	0.0	8.32231218819334e-05	7.04759276375265e-05	0.0	0.0	0.0003516634656214	0.0	0.0106535961966435	0.0	0.0	0.0	0.0	0.0	3.96763254748931e-06	0.0	0.0
2025_01_KUO_WWTP_25V0071	0.0	0.0061956657514078	0.0012032345847687	0.0006046547770652	0.0001017208692131	0.0	0.0	0.0	0.0006642164963885	0.0008112729673833	0.0	0.0013173302416213	0.0010064335063434	0.0003967202827263	0.0	0.0	0.0	0.016068441809591	0.0	0.0	0.0	0.0	0.0	0.0	0.0	0.0	0.0	0.0	0.0	0.0	0.0	0.0	0.0044125811541447	0.0	0.0	0.0	0.0002953271944765	0.0249898692302243	0.0057915006728248	0.0006302657348788	0.0	0.0	0.0625691324150291	0.0009112275684995	0.233596384474586	0.0	0.0	0.0	0.0	0.0	0.0	0.0	0.0398430864601615	0.0408514805885888	0.0	0.0	0.0	0.0	0.0	0.0	0.0	0.0	0.0	0.0	0.0003160106748696	0.0006414659337216	0.0020957679125692	0.0	0.0	0.0057726261079327	0.0004281917466614	0.0046087175778992	0.0	0.001986756176423	0.0	0.000758005407309	0.0	0.0	0.0002233853237545	0.0	0.0	0.0	0.0	0.0	0.0	0.0	0.0	0.0002197384687181	0.0	0.0	0.0	0.0	0.0	0.0	0.0	0.0	0.0	0.0002165920703524	0.0	0.0	0.0	0.0	0.0	0.0	0.0	0.0	0.0083861804392976	0.0	0.0106401874795465	0.0	0.0	0.0	0.0	0.0235216238997114	0.0	5.30874273646234e-05	0.0015275703471568	0.0002035721163669	0.132322083100535	0.0	0.0	0.0	0.0015930564423424	0.0	0.0	0.0017882350782386	0.001103148894187	0.168559680467324	0.0019424623194026999	0.0	0.0	0.0	0.0002154462360139	0.0	0.0	0.0010926456053211	0.0	0.0	0.0034667563340391	0.0	0.364732306148891	0.0019319203904367	0.304301326232205	0.0222630570229948	0.0028939015825596	0.0002350206646781	0.0	0.0015242511054652	0.0007565247389264	0.0	0.1919663125482161	0.0	0.0066952819049429	0.0001046911641879	4.62513002881421e-05	0.0	0.0014051657461979	0.000334654372502	0.0	0.0	0.0	0.0	0.0	0.0	0.0001017469347786	0.0	0.0	0.0032160668571217	0.004715182638982299	0.0	4.89861965004504e-06	1.55631335108584e-05	3.3351792064987738	0.0009311463620823	0.0	0.0004974535366746	0.0021844168755742	0.0	0.0421179966028851	0.20837000008185141	0.0041010282417055	0.0	0.0	0.0	0.000277766640765	0.0027903889179052	0.0038548908277506004	0.0	0.0	0.0	0.0	0.0	0.0	0.0	0.000217036027862
2025_01_TRE_SA1_25V0743	0.0	0.0172556417001273	0.0	0.0026992555002415	0.0	0.0	0.0	0.0	0.0	0.0013279561275276	0.0	0.0	0.0004396205637146	0.0	0.0	0.0	0.0	0.0073999802610416	0.0	0.0	0.0	0.0	0.0	0.0	0.0	0.0	0.0	0.0	0.0	0.0	0.0	0.0	0.0	0.0	0.0	0.0002833792342377	0.0004587564537144	0.0144968325226334	0.004673664803395	0.0	0.0	0.0	0.136557510850497	0.127943540249323	0.16926612871245	0.0	0.0	0.0	0.0	0.0	0.0	0.0	0.0084424517329985	0.0542136566847267	0.0	0.0	0.0	0.0	0.0	0.0	0.0	0.0	0.0	4.41307063759583e-05	0.0	0.0	0.0	0.0	0.0	0.0014028361573815	0.0	0.0	0.0	0.0	0.0	0.005217636780759	0.0	0.0	0.0019354596007201	0.0	0.0	0.0	0.0	0.0	0.0	0.0	0.0	0.0	0.0	0.0	0.0	0.0	0.0	0.0	0.0	0.0	0.0	0.0	0.0	0.0	0.0	0.0	0.0	0.0	0.0034084642525955	0.0	0.0	0.0	0.0	0.0	0.0	0.0	0.0	0.002444575560571	0.0	0.0	0.0059130106634419	0.0	0.0989140668095913	0.0	0.0	0.0	0.0	0.0	0.0	0.0	0.0	0.868095435764942	0.0002375228275243	0.0	0.0	0.0	0.0	0.0	0.0	0.0	0.0	0.0	0.001133554004215	0.0	0.0081774690086316	0.0018257738318648	0.000505233660529	0.0	0.0294744694979993	0.0	0.0	0.0	0.0	0.0	0.42776587208064176	0.0	0.0032472207446273	0.0005753565504066	0.0	0.0	0.0	0.0	0.0	0.0	0.0	0.0	0.0	0.0	0.0	0.0	0.0009729032533194999	0.0255325016932712	0.0060998014012171	0.0	2.13825341728024e-05	0.0	0.0202674606121626	0.0	0.0	0.0	0.0	0.0	0.0	0.22470564319919661	0.0076649335822407	0.0001568763989929	0.0	0.0	0.0059076920740811	0.0	0.005467361413639	0.0	0.0	0.0	0.0	0.0	0.0	0.0	0.0
2025_01_TRE_SA2_25V0746	0.0	0.0	0.0	0.0076595611914661	0.0	0.0	0.0049139029114927	0.0	0.0019677980504128	0.0	0.0	0.0010040714672642	0.0	0.0	0.0	0.0045267640009198	0.0	0.0302871071029924	0.0027298327861701	0.0	0.0	0.0	0.0	0.0	0.0	0.0	0.0	0.0	0.0	0.0	0.0	0.0	0.0	0.0	0.0	0.0055933855132737	0.0	0.0085141438622732	0.001437421169394	0.0	0.0035379924789836	0.0	0.0148704609061134	0.0	0.203137872733675	0.0	0.0	0.0	0.0	0.0	0.0	0.0	4.84142562453102	0.0	0.0	0.0	0.0	0.0	0.0	0.0	0.0	0.0	0.0	0.0	0.0031415345871883	0.0	0.0	0.0	0.0	0.0014327256327034	0.0007089328679601	0.0	0.0	0.0	0.0	0.0025162426955353	0.0	0.0	0.0	0.0	0.0	0.0	0.0	0.0	0.0	0.0	0.0	0.0	0.0	0.0	0.0	0.0	0.0	0.0	0.0	0.0	0.0	0.0	0.0	0.0	0.0	0.0	0.0	0.0	0.0	0.0	0.0	0.0	0.0	0.0	0.0	0.0	0.0	0.0148465941092697	0.0	0.0	0.0031517961961908	0.0013491713949592	0.452561068525082	0.0	0.0	0.0	0.0040478334587096	0.0	0.0	0.0	0.0	0.137892236402935	0.0017006325487062	0.0	0.0	0.0	0.0	0.0	0.0	0.0170175101645293	0.0	0.0017239166759699	0.0	0.0	1.12188849721811	4.59465637173382e-05	0.0	0.0	0.0239741160571035	0.0	0.0	0.0	0.0028650613019793	0.0	0.40107959181264907	0.0027649685378177	0.0117095122509352	0.0033491605138651	0.0	0.000335572405747	0.0054221678692336	0.0	0.0	0.0	0.0	0.0	0.0	0.0	0.0	0.0	0.0136506096196705	0.0003654942785927	0.038534136977814	0.0	6.49310684053956e-05	0.0	4.5826898490597	0.0	0.0	0.0	0.0	0.0	0.0	3.844859409109268	0.0125729736695691	0.0	0.0	0.0	0.0254696324107521	0.0	0.003054430713885	0.0	0.0	0.0	0.0	0.0	0.0	0.0	0.0
2025_01_TRE_UH_25V0735	0.0	0.0	0.0	0.0	0.0001670142504979	0.0	0.0	0.0003339429513734	0.0002448448147792	0.0	0.0	0.0	0.0	0.0	0.0	0.0	0.0	0.0043567559987897	0.0	0.0	0.0025589437344944	0.0	0.0	0.0	0.0	0.0	0.0	0.0	0.0	0.0	0.0	0.0	0.0	0.0	0.0	0.0	0.0	0.0010099769586659	0.0006213425817238999	0.0	0.0	0.0	0.017332776513524	0.0	0.0704044503426255	0.0	0.0	0.0	0.0	0.0	0.0	0.0	0.0	0.0	0.0	0.0	0.0	0.0	0.0	0.0	0.0	0.0	0.0	0.0	0.0	0.0	0.0	0.0	0.0	0.0	0.0	0.0	0.0	0.0	0.0	0.0	0.0	0.0	0.0	0.0	0.0	0.0	0.0	0.0	0.0	0.0	0.0	0.0	0.0	0.0	0.0	0.0	0.0	0.0	0.0	0.0	0.0	0.0	0.0	0.0	0.0001773986739643	0.0	0.0	0.0	0.0	0.0	0.0	0.0	0.0	0.0	0.0	0.0	0.0	0.00091952063021	0.0	0.0	0.0002839357428166	0.0	0.019433629258041	0.000556500321655	0.0	0.0	0.0	0.0004794355337941	0.0	0.0	0.0	0.0086260150553191	0.0002712091177314341	0.0	0.0	0.0	0.0	0.0	0.0	0.0	0.0	0.0	0.0004065732003859	0.0	0.0	0.0001060785989954	0.0	0.0005284001676275	0.0	0.0	0.0	0.0	0.0	0.0	0.607730800848513	0.0	0.0068705633973888	0.0	0.0	0.0	0.0	0.0	0.0002801332589188	0.0	0.0	0.0002704023752878	0.0	0.0	0.0	0.0	0.0	0.0	0.0	0.0	0.0	0.0	0.0011923090326437	0.0	0.0	0.0	0.0172807335440868	0.0	0.0	0.0019960893126776	0.0302035198613651	0.0029967960573346	0.0	0.0	0.0097345381738674	0.0	0.019629550500949902	0.0	0.0	0.0	0.0	0.0	0.0	0.0	0.0
2025_01_TRE_WWTP_25V0739	0.0	0.0209487449856244	0.0	0.0	0.0	0.0	0.0	0.0	0.0228001385089321	0.0	0.0	0.0066057224530494	0.0	0.0	0.0	0.0	0.0	0.319801822119044	0.0	0.0	0.0	0.0	0.0	0.0	0.0	0.0	0.0	0.0	0.0	0.0	0.0	0.0	0.026746752655132	0.0	0.0	0.0042031141206091	0.0	0.0247978715316147	0.0069807648744443	0.0	0.020842480667908402	0.0	0.932764416836263	0.0098839496027268	1.39870314066682	0.0	0.0	0.0	0.0	0.0	0.0	0.0	0.10411848444489	1.19298824720194	0.0170260311728894	0.0	0.0	0.0	0.0	0.0	0.0	0.0	0.0	0.0	0.0	0.0	0.006994609889384	0.0	0.717975253413725	0.0604481549387821	0.0036076660896471	0.1209193638904803	0.0	0.0	0.0	0.0188013221054866	0.0	0.0	0.0144487482450821	0.0	0.0	0.0	0.0	0.0	0.0	0.0	0.0	0.0	0.0	0.0	0.0	0.0	0.0	0.0	0.0	0.0023515866990926	0.0	0.0023570562535987	0.0	0.0	0.0	0.0	0.0	0.0	0.038114433976887	0.0	0.0158197650666234	0.0	0.0	0.0	0.0118078986686449	0.0	0.0	0.230836924537027	0.0	0.0005758314111087	0.0109420089557281	0.0022081164006091	0.92173810779264	0.0	0.0	0.0	0.0565662125506826	0.0	0.0	0.0	0.0	6.41768828768378	0.0187910979221524	0.0	0.0	0.0	0.0	0.0	0.0	0.0071110584029525	0.0	0.0	0.0	0.0	0.781844728187538	0.0001002643659903	1.0275623622203949	0.101897898517369	0.210572698858641	0.0	0.0001347031460236	0.0154311028922419	0.0	0.0	3.8430926589114702	0.0	0.0221902770179253	0.0	0.0	0.0	0.0	0.0	0.0	0.0	0.0	0.0	0.0057992787783504	0.0	0.0033425929680933	0.0	0.0060553370613412	0.008660721621184501	0.077790278653422	0.0	0.0	0.0	2.3857145410197114	0.0851286202090136	0.0	0.010739137362893	0.0312330583001396	0.0	0.162180908934799	4.553090850060927	0.0316547306761954	0.0006199520726894	0.0	0.0	0.002872244774517	0.0	0.034590488947852896	0.0	0.0	0.0	0.0	0.0	0.0	0.0	0.0
2025_02_KUO_SA1_25V0170	0.0	0.0269982026087318	0.0	0.0018790914308105	0.0	0.0	0.0	0.0020493749257884	0.0	0.0178649539041072	0.0	0.0006852988709325	0.0	0.0	0.0003442268497472	0.0	0.0	0.241352416021193	0.0	0.0	0.0	0.0	0.0	0.0	0.0	0.0	0.0	0.0	0.0	0.0	0.0	0.0	0.198402702766044	0.0	0.0	0.0084938627438028	0.0045736632341086	0.0788685195905054	0.0501383439350101	0.0010681960178663	0.0115583669420887	0.0	1.20044254058279	0.0	1.41938888409114	0.0	0.0	0.0	0.0	0.0	0.0	0.0	0.1339952198921107	0.018650258418174	0.0	0.0	0.0	0.0	0.0	0.0	0.0	0.0	0.0	0.0002513125078741	0.0139252294251097	0.0032615354988163	0.0087433340317438	0.0	0.0	0.0065423522292253995	0.0047734417603738	0.0	0.0	0.0	0.0	0.0194342875727621	0.00036504664565	0.0022262066590185	0.0	0.0	0.0	0.0	0.0	0.0	0.0	0.0	0.0037716883354674	0.0	0.0014948515701919	0.0	0.0	0.0	0.0	0.0	0.0022085496773059	0.0029395074693127	0.0	0.0007360825717864	0.0	0.0007418641215441	0.0	0.0	0.0	0.0	0.0052937147788065	0.0	0.0	0.0	0.0	0.0	0.0	0.0	0.0	0.0493569838438652	0.0	0.0	0.0251082085076377	0.011385693520349	1.78382475491086	0.0	0.0	0.0	0.0025480484789901	0.0	0.0	0.0	0.0	0.234535747222711	0.0194284601507584	0.0	0.0	0.0	0.0	0.0	0.0	0.0	0.0	0.0	0.0035618312471361	0.0	0.173215518108007	0.0122623293653377	0.0023537050116786	1.45607009159734	0.0008174473018594	0.0039899235608972	0.0	0.0223890604896357	0.0043960598231188	0.0	5.254201422716771	0.0	0.0170210906453452	0.0062967344211067	0.0	0.0	0.0	0.0	0.0	0.0	0.0	0.0	0.0	0.0	0.0	0.0	0.0064353492875456	0.0101080593718373	0.07232296154840259	0.0	0.0	0.0	37.034722937825975	0.0	0.0	0.0	0.0026925270967973	0.0	0.0	2.078572803583964	0.0005433149591327	0.0	0.0	0.0	0.0	0.0050018964974105	0.172620944865829	0.0	0.0	0.0	0.0	0.0	0.0	0.0	0.0
2025_02_KUO_SA2_25V0171	0.0	0.030360745455166004	0.0	0.0006476802263154	0.0	0.0	0.0	0.0029516533877243	0.11985548171454641	0.0019455102273435	0.0	0.0019460048905083	0.0175140440145752	0.0006372455130402	0.0	0.0	0.0	0.0445171647813079	0.0	0.0	0.0046217616149573	0.0	0.0	0.0	0.0	0.0	0.0	0.0	0.0	0.0	0.0	0.0	0.0358562293487915	0.0	0.0	0.0012448582079908	0.0034305859409992	0.0739672641759703	0.0650829988243982	0.0212601034288038	0.006501084512886401	0.0	1.3634851506212	0.0258585308485737	1.81121161842581	0.001012385877562	0.0	0.0	0.0	0.0	0.0	0.0	0.0	0.0648979980302661	0.0	0.0	0.0	0.0	0.0006596541464657	0.0	0.0036455360517044	0.0	0.0	0.0001732233884016	0.0031068143837505	0.0061822594784889	0.0160551329182197	0.0	0.0	0.2682289248988177	0.0	0.0	0.0	0.0054707914470116	0.0	0.0153090622636619	0.0048541687633039	0.0034857390510403	0.0	0.0021087304682103	0.0	0.0	0.0	0.0	0.0	0.0021086748855283	0.0	0.0028236994039363	0.0	0.0	0.0	0.0	0.0	0.0	0.0006977197898144	0.0	0.0	0.0006981016312645	0.0	0.0042186232516849	0.004236721413988	0.0	0.0	0.0	0.00250856677626	0.0	0.0	0.0	0.0006962915970132	0.0	0.0	0.0	0.0	0.318451760809445	0.0023348211841128	0.0	0.0054629816091144	0.0	1.29868086575541	0.0	0.0	0.0	0.0	0.0	0.0	0.0	0.0	0.816623442975475	0.02481530057192	0.0	0.0	0.0	0.0	0.0007013642368265	0.0	0.0	0.0	0.0	0.0101272077199727	0.001090727837305	0.0479202525176623	0.0070379092614513	0.0003823186589924	0.0041341960969963	0.138290742619185	0.0111365442642743	0.0	0.0163225362217304	0.0048607748721271	0.0	1.1752584789212477	0.0	0.0376408388575542	0.0117086431588626	0.0	0.0	0.0003468677649838	0.0	0.0	0.0	0.0011533509997542	0.0	0.0045802736291857	0.0	0.0	0.0	0.0032366664368632	0.0066093546189283	0.096072172759893	0.0	0.0	0.0002333222743688	20.45520341092323	0.0	0.0	0.0098600654226592	0.0	0.0	0.0219873782477684	4.497017115725487	0.0005129096122751	0.0	0.0	0.0	0.0105168495147638	0.000847578874238	0.0	0.0	0.0	0.0	0.0	0.0	0.0	0.0	0.0
2025_02_KUO_UH_25V0169	0.0	0.0005693563588571	0.0018918159014753	0.0015406017876479	0.0	0.0	0.0	0.0	0.0171442555673944	0.0	0.0	0.0031089958995224	0.0001187633317983	0.0	0.0008291350997485	0.0	0.0	0.0601468924161287	0.0	0.0	0.0	0.0	0.0	0.0	0.0	0.0	0.0	0.0	0.0	0.0	0.0	0.0	0.0	0.0	0.0	0.0042952178147579	0.0	0.0115246350258962	0.0076645933657363	0.0	0.0	0.0008813043961565	0.0201719046587549	0.0	0.968028920883879	0.0	0.0	0.0	0.0	0.0	0.0	0.0	0.0	0.0007058216478087	0.0	0.0	0.0	0.0	0.0	0.0	0.0	0.0	0.0	0.0	0.0	0.0003782103680251	0.0	0.0	0.0	0.0047599059800363	0.0	0.0007594881356287	0.0	0.0003346850862152	0.0	0.0	0.0	0.0	0.0010471891207495	0.0	0.0	0.0	0.0	0.0	0.000256842806152	0.0	0.0	0.0002591170091948	0.0	0.0	0.0	0.0	0.0	0.0	0.0	0.0	0.0	0.0	0.0	0.0	0.0	0.0	0.0	0.0	0.0	0.0	0.0	0.0	0.0	0.0	0.0	0.0	0.0	0.309728152755297	0.0	0.0	0.0008836667750149	0.0002400535429967	0.143628591205259	0.0	0.0	0.0	0.0	0.0	0.0	0.0	0.0	0.0	0.0015165163906563	0.0	0.0	0.0	0.0	0.0	0.0	0.0	0.0	0.0	0.0018421945007809	0.0	0.0094189598051521	0.0007890674054287	0.0019108415970302	0.0036419985269044	0.0	0.0004157068087734	0.0	0.00059913555421	0.0	0.0	5.42773394787299	0.0	0.0166674740546846	0.0003078803495628	0.0	0.0009553163695284	0.0	0.0	0.0	0.0	0.0	0.0	0.0	0.0	0.0	0.0	0.0	0.0	0.0015838663115221	0.0	5.77648365489905e-06	0.0003181038757772	0.0082569062553722	0.0	0.0	0.0	0.0014050245629862	0.0	0.0	0.2578047663660117	0.0	0.0	0.0	0.0	0.0198145133658069	0.0	0.0066905445808001	0.0026979930810721	0.0	0.0	0.0	0.0	0.0	0.0	0.0
2025_02_KUO_WWTP_25V0168	0.0002681237784428	0.0138250431755175	0.0003168058483167	0.0062274620510586	0.0	0.0	0.0006246986975397	0.0	0.0015609396945643	0.0055952899444209996	0.0	0.0039989540001124	0.0041307234672914	0.0006267271933729	0.0	0.000239784242992	0.0	0.0880305064466921	0.0	0.0	0.0	0.0	0.0	0.0	0.0	0.0	0.0	0.0	0.0060444113672419	0.0	0.0	0.0	0.150693757494794	0.0	0.0	0.0082845023045718	0.0018583789701042	0.037120936492090896	0.0243610388091793	0.0013275673643748	0.0	0.010120703620450899	0.446993193971978	0.002639139941227	1.04350288438188	0.0	0.0	0.0	0.0	0.0	0.0	0.0008622344737692	0.0	0.389107067696269	0.0	0.0	0.0	0.0	0.0014794235369507	0.0	0.0	0.0	0.0	0.0	0.0	0.0035467924536912	0.0094231410668627	0.0	0.0	0.054760141767206796	0.0	0.0193294813034329	0.0	0.0051563039071992	0.0	0.0068519884073176	0.0	0.0006305069276714	0.0024659426494994	0.0	0.0	0.0	0.0	0.0	0.0	0.0	0.0	0.0	0.0	0.0	0.0	0.0	0.0	0.0017463128609885	0.0027448131477297	0.0	0.0	0.0	0.001203323940167	0.0	0.0003458445649439	0.0	0.0	0.0	0.0	0.0	0.0	0.0	0.0439486868098934	0.0	0.0	0.0	0.0	0.155270612456384	0.0	0.0002934524532292	0.0061923913065528	0.0	0.520039423245032	0.0	0.0	0.0	0.0378154064770027	0.0009939007006014	0.0	0.0145255553552862	0.0	0.949460381736384	0.0129091291234837	0.0	0.0	0.0	0.0	0.0	0.0	0.0025891947427095	0.0020304287426003	0.0	0.0032820174214106	0.0	0.515381535402684	0.0015625029716482	0.4397308214587885	3.28834305659226	0.0419072661787921	0.0019523422865766	0.0	0.0036922171036067	0.0020488042885153	0.0006943689826119	3.212093645663897	0.0009886139947472	0.0149841004979027	0.0064806952546561	0.0001461329247914	0.0	0.000170571197734	0.0	0.0	0.0	0.0	0.0	0.0	0.0	0.0017103073452361	0.0	0.0007035195061456	0.0044956628966207	0.0337174896177361	0.0	0.0	0.0007867579781557	34.08672132681581	0.0031521385912919	0.0	0.0	0.0177249663671874	0.0	0.0061546529959381	1.1344885034115313	0.0025326560196511	0.0	0.0	0.0	0.0034242524889502	0.0038852621843735	0.0016537716310759	0.0	0.0003364309893628	0.0	0.0	0.0	1.0045731713704e-05	0.0	0.0
2025_02_TRE_SA1_25V0756	0.0	0.0070111803089767	0.0	0.0175119799744715	0.0	0.0	0.0	0.0007704580877041	0.0	0.07195747921580521	0.0	0.0	0.0	0.0	0.0015208562201419	0.0	0.0	0.0722234019018011	0.0	0.0	0.0	0.0	0.0	0.0	0.0	0.0	0.0	0.0	0.0	0.0	0.0	0.0	0.0547342541564092	0.0	0.0	0.0047624239734377	0.000256835807427	0.0142406366910351	0.0002744631726144	0.0026527809554151	0.0048533265987212	0.0	0.0400866965721452	0.0	0.327604485988739	0.0	0.0	0.0	0.0	0.0	0.0	0.0	0.404008114616994	0.0	0.0	0.0	0.0	0.0	0.0	0.0	0.0	0.0	0.0	0.0	0.0	0.0	0.0069211410554192	0.0	0.0	0.0	0.0	0.0	0.0	0.0	0.0	0.0024547153026852	0.0	0.0	0.0	0.0	0.0	0.0066279341304119	0.0	0.0	0.0	0.0	0.0	0.0	0.0	0.0	0.0	0.0	0.0	0.0	0.0	0.0	0.0	0.0024694926283546	0.0	0.0	0.0	0.0	0.0	0.0	0.0	0.0	0.0	0.0	0.0	0.0	0.0	0.0	0.0	0.0056572705283323	0.0	0.0	0.003784928135567	0.0	0.273361473943236	0.0	0.0	0.0	0.0	0.0	0.0	0.0	0.0	1.41082820805698	0.0071513987381389005	0.0	0.0	0.0	0.0	0.0	0.0	0.0	0.0	0.0	0.0026536584879839	0.0	0.0036393099485128	0.0011671908896328	0.0	0.0045498352993216	0.0	0.0	0.0	0.0005132443767866	0.0	0.0	3.6332714709453047	0.0	0.0140901808123689	0.0	0.0014016324302577	0.0	0.0	0.0	0.0	0.0	0.0	0.0	0.0	0.0	0.0	0.0	0.0064449737151473	0.051303461617492406	0.0107624048619852	0.0	0.0	0.0	0.54321790892189	0.0	0.0	0.0	0.115094473950096	0.0	0.0146251169618351	1.13036437317786	0.0008069890962217	0.0001296591176527	0.0	0.0	0.0083678820679853	0.0	0.0016488098676024	0.0	0.0	0.0	0.0	0.0021216634776977	0.0	0.0	0.0
2025_02_TRE_SA2_25V0760	0.0	0.023344002796933	0.0	0.0057936993152496	0.0	0.0	0.0	0.0	0.0	0.0373367775323121	0.0	0.0005683151572405	0.0	0.0	0.0002839046086278	0.0	0.0	0.0082878854191228	0.0	0.0	0.0	0.0	0.0	0.0	0.0	0.0	0.0	0.0	0.0	0.0	0.0	0.0	0.0140456225852539	0.0	0.0	0.0076248626737021	0.005217422086437	0.0053805521071576	0.0059364108806733	0.0002952833250847	0.0	0.0	0.0160288476019227	0.0	0.114663177498701	0.0	0.0	0.0	0.0	0.0	0.0	0.0	0.919212146584808	1.00280821167054	0.0	0.0	0.0	0.0	0.0	0.0	0.0	0.0	0.0	3.31565007754964e-05	0.0	0.0027047761764629	0.0	0.0	17.263078542557	0.002456497317899	0.0036352426722335	0.016603454508049	0.0	0.0	0.0	0.0024437240696669	0.0	0.0	0.0	0.0	0.0	0.0	0.0	0.0	0.0	0.0	0.0	0.0	0.0	0.0	0.0	0.0	0.0	0.0	0.0	0.0	0.0	0.0012216948625753	0.0	0.0	0.0	0.0	0.0	0.0	0.0	0.0	0.002220725833282	0.0	0.0	0.0	0.0	0.0	0.0	0.0440800946783787	0.0	0.0	0.001296318767548	0.0	0.954930474725814	0.0	0.0	0.0	0.0759389820826736	0.0	0.0	0.0	0.0	0.625293080058848	0.0	0.0	0.0	0.0	0.0	0.0	0.0	0.0039929066028246	0.0	0.002924784720132	0.0	0.0	2.54154780709342	0.0003036514293172	1.8157096899875	0.0045218399320222	0.0855855358721969	0.0001679462787872	0.0	0.0	0.0018228159534355	0.0	0.9903473149747063	0.0014659455855271	0.0839088714265434	0.004140276906191	0.0	0.0	0.0015332018802477	0.0	0.0	0.0	0.0	0.0004629493856575	0.0	0.0007154942107822	0.0	0.0	0.0006262710157792001	0.0	0.014579349933508502	0.0	0.0	1.45828451635795e-05	0.208208888691617	0.0	0.0	0.0	0.0	0.231546105234014	0.0371465013489677	1.1490703602297967	0.0030733024224596	0.0	0.0	0.0	0.0214627325403896	0.0003473921471585	0.0018288154346641	0.0	0.0	0.0	0.0	0.0	0.0	0.0	0.0
2025_02_TRE_UH_25V0748	0.0	0.0169777360468519	0.0002486090792074	0.0010040470701279999	0.0017654524594928	0.0	0.0	0.0	0.0002437464604262	0.0	0.0	0.0	0.0	0.0	0.0012452465895035	0.0	0.0	0.0254027068050766	0.0	0.0	0.0	0.0	0.0	0.0	0.0	0.0	0.0	0.0	0.0	0.0	0.0	0.0	0.0	0.0	0.0	0.0035868416385311	0.0	0.0042462511207233	0.0033345944497669	0.0	0.0	0.0	0.042853905483905	0.0	0.280954428881174	0.0	0.0	0.0	0.0	0.0	0.0	0.0	0.0	0.0	0.0	0.0	0.0	0.0	0.0	0.0	0.0	0.0	0.0	0.0001462244993683	0.0	0.0007952277493226	0.0	0.0	0.0	0.0001325558036436	0.0	0.0	0.0	0.0	0.0	0.0	0.0	0.0	0.0	0.0	0.0	0.0	0.0	0.0	0.0	0.0	0.0	0.0	0.0	0.0	0.0008076226034958	0.0	0.0	0.0	0.0	0.0	0.0	0.0	0.0	0.0	0.0	0.0	0.0	0.0	0.0019360707053323	0.0	0.0	0.0	0.0	0.0	0.0	0.0	0.0	0.0038185513012258	0.0	0.0	0.0012148487070188	0.0	0.27866765873068	0.0	0.0	0.0	0.0006698016604808	0.0	0.0	0.0016243893181715	0.0	0.447718541884787	0.0008009426063686	0.0	0.0	0.0	0.0	0.0	0.0	0.0	0.0	0.0	0.0045189794594298	0.0	2.18695128484838	0.0007977870014158	0.0021809746425819	0.0	0.0	0.0015522917063227	0.0	0.0	0.0	0.0	2.847455460678843	0.0	0.0200587353556323	0.0	0.0	0.0	0.0005354137069539	0.0	0.0	0.0	0.0	0.0	0.0	0.0	0.001020860094529	0.0	0.0	0.0006836749678204	0.0026323314269023	0.0	0.0	0.0	0.0028514080010990997	0.0	0.0041020498069228	0.0	1.19719539151184	0.0	0.0	0.22964037507460422	6.60378289281925e-05	0.0012793462594857	0.0	0.0	0.0351694710540912	0.0022760563501995996	0.0096095059005567	0.0	0.0	0.0	0.0	0.0	0.0	0.0	0.0
2025_02_TRE_WWTP_25V0752	0.0	0.18347358939349762	0.0	0.0	0.0018216948304539	0.0	0.0	0.0	0.0	0.0018161118045401	0.0	0.006337814052122299	0.0143847182118179	0.0	0.0	0.0	0.0	0.233644789569301	0.0	0.0	0.0	0.0	0.0	0.0	0.0	0.0	0.0	0.0	0.0	0.0	0.0	0.0	0.0929692534162701	0.0	0.0	0.0256764393007756	0.0050086984361558	0.0544611972684309	0.0173790879559867	0.0018812131668457	0.0	0.0	0.698264855416755	0.0775150485615962	1.38061244202617	0.0	0.0	0.0	0.0	0.0	0.0	0.0	0.0912525065872869	0.830753943436916	0.0	0.0	0.0	0.0	0.0	0.0	0.0	0.0	0.0	0.0003922952862293	0.0072163443989009	0.0014359825869703	0.0	0.0	0.714290085962421	0.1534168314521919	0.030621927689633	0.116195716171763	0.0	0.0190608982416287	0.0	0.0029012589843643	0.0	0.0058558762865854	0.0	0.0	0.0	0.0	0.0	0.0	0.0	0.0	0.0	0.0	0.0	0.0	0.0	0.0	0.0	0.0	0.0	0.0	0.0	0.0	0.0	0.0	0.0156823945321615	0.0	0.0	0.0	0.0	0.0	0.0576801723057666	0.0	0.0	0.0	0.0	0.0	0.0	0.16047358579807	0.0101522292	0.0	0.0229694673389558	0.0	1.12326399434897	0.0	0.0	0.0	0.200460552548516	0.0	0.0	0.0	0.0	21.8337192565091	0.0	0.0	0.0	0.0	0.0	0.0	0.0	0.0058703790071631	0.0028771943235593	0.0	0.0235229433366754	0.0	0.959965844466085	0.0016140356358368	2.88360969510742	0.263881986952685	0.202985928467547	0.0131529035415008	0.0	0.0072793200467582	0.001935488778083	0.0	10.314008435202144	0.0	0.0516254236278655	0.0051645389929093	0.0033132141039846	0.0	0.0	0.0	0.0	0.0	0.0	0.0	0.0015958226594876	0.0	0.0	0.0	0.0239430060125261	0.0474907091484465	0.1882195249296316	0.0	0.0	0.0	30.767149427123364	0.818299367580413	0.0	0.0434407558612606	0.0	0.0342220693117685	0.261169856600042	4.887270247378127	0.0262980242998408	0.001333237998058	0.0	0.0	0.0049709792175302	0.0044737249265032	0.10468171153288248	0.0	0.0	0.0	0.0	0.0	0.0	0.0	0.0
2025_03_KUO_SA1_25V0256	0.0	0.09113335411167281	0.0005194376843476	0.012646033824818	0.0042156489919647	0.0002651080332538	0.0020485230723433	0.004439476014737299	0.0030429227565926	0.042205301998965196	0.0	0.0054915379901287	0.0221283895559546	0.0002568968689917	0.0031246510692825	0.0	0.0	0.624308749039807	0.0	0.0	0.0	0.0	0.0	0.0	0.0	0.0	0.0	0.0	0.0	0.0	0.0	0.0	0.0621899080818935	0.0	0.0	0.187356463486777	0.0081662508971659	0.071395706927675	0.0345787463819933	0.0008162592182606	0.0	0.0	0.289405315692252	0.0019668896825557	1.77268589666749	0.0	0.0	0.0	0.0	0.0	0.0	0.0	0.0688222218847039	0.0604650129795776	0.0	0.0045795322375141	0.0	0.0	0.0	0.0	0.0	0.0	0.0	0.0026623699751114	0.0054273700000443	0.0008307646324785	0.0050108970280555	0.0043077973403492	0.0	0.0174884363685638	0.0	0.0077789371205389	0.0	0.0	0.0	0.0263684835382738	0.0	0.0005620913321537	0.0023108978061524	0.0	0.0	0.001128190445642	0.0	0.0	0.0550068266392311	0.0	0.0	0.0	0.0	0.0	0.0	0.0	0.0	0.0	0.0014063812594125	0.0	0.0	0.0005628603721485	0.0	0.0	0.0	0.0063683381734265	0.0	0.0	0.0	0.0	0.0	0.0	0.0	0.0	0.0014098514256455	0.0	0.0	0.0079783869993598	0.0	0.0	0.00321017126595	0.0	1.63771753982228	0.0	0.0	0.0	0.0	0.0	0.0	0.0	0.0	0.0004806433344082	0.014612391737837101	0.0	0.0	0.0	0.0	0.0	0.0	0.0	0.0016645545053747	0.0040425284572881	0.0	0.0	1.64891879745044	0.0198008050287084	0.0048924589981074	0.745323633498224	0.102754963965309	0.0181411504660166	0.0	0.0157925008062709	0.0	0.0	2.8221752325088874	0.0010806268610542	0.0028903605105622	0.0483550013488934	0.0	0.0	0.0	0.0	0.0	0.0	0.0	0.0	0.0060010439834421	0.0	0.0241144203134575	0.0	0.0499500430919346	0.0127278824490223	0.0740248277226921	0.0	0.0	0.0005106152517679	64.5804551993527	0.0	0.0	0.0	0.0	0.0	0.0	0.7445766824538952	0.0060042499919966	0.0002074099364771	0.0	0.0	0.0732347186738025	0.0006813425737054	0.1383618845741517	0.0	0.0	0.0	0.0	0.0	0.0003294214198803	0.0	0.0
2025_03_KUO_SA2_25V0257	0.0	0.003876170255233	0.0	0.0003860496302388	3.25622750752275e-05	0.0	0.0	9.65979790420396e-05	3.14154327128399e-05	0.0002261687557938	0.0	0.0	0.0	0.0	0.0	0.0	0.0	0.0017932281227895	0.0	0.0	0.0	0.0	0.0	0.0001572131611084	0.0	0.0	0.0	0.0	0.0	0.0	0.0005367404201896	0.0	0.0005816296030678	0.0	0.0	0.0004217461291801	0.0006022863684417	0.0012475663975076029	0.0005878675803455839	0.0	0.0	0.0	0.0107546249892648	0.0014098674247192	0.0179386652451175	0.0	0.0	0.0	0.0	0.0	0.0	0.0	0.0017912054832308999	0.0020597679112547	0.0	0.0	0.0	0.0	0.0	0.0	0.0	0.0	0.0	4.31517923516292e-06	0.0	0.0	0.0003096390761416	0.0	0.0	0.0001372273584411	0.0	0.0	0.0	0.0	0.0	0.0012111118766270999	0.0	0.0	0.0	0.0	0.0	0.0	0.0	0.0	0.0	0.0	0.0	0.0	0.0	0.0	0.0	0.0	0.0	0.0	0.0	0.0	0.0	0.0	0.0	0.0	0.0	0.0	0.0	0.0	0.0	0.0	0.0	0.0	0.0	0.0	0.0	0.0	0.0	0.0017927622109471	0.0	0.0	0.000110716226115	0.0	0.0882785344971378	0.0	0.0	0.0	0.0645197121036366	0.0	0.0	0.0	0.0	0.0177608764254293	6.769459549131669e-05	7.11784072552991e-05	0.0	0.0	0.0	0.0	0.0	0.0	0.0	0.000582867923546	0.0	0.0	0.0031114374494355	0.0001471450542429	0.0004075718549242	0.021709708338516	0.0251280149809456	0.0001908831173026894	0.0	0.0003578183616935	0.0	0.0	0.12566274837659147	0.0	0.0024409276210782	0.000972842316457	0.0	0.0	0.0002095167704771	0.0	0.0	0.0	0.0	0.0	0.0	0.0	0.0	0.0	0.0004648871572714	0.0017691497047432605	0.0012180789282066039	0.0	0.0	3.32131802341652e-06	0.1139102623144666	0.0	0.0	0.0	0.0212639351002412	0.0	0.0030672825533836	0.15329015965462	3.40780430325816e-05	8.21767194156459e-05	0.0	0.0	0.0012221811611168	0.0001565355181725	0.0024077082654992	0.0001331658886916	0.0	0.0	0.0	0.0	0.0	0.0	0.0
2025_03_KUO_UH_25V0255	0.0	0.0011396264182032	0.0018933338902421	0.0	0.0	0.0	0.0085868218958425	0.0	0.0024400758209955	0.0	0.0	0.0040170741308474	0.0011370052630394	0.0	0.0015076239196398	0.0	0.0	0.0389702732040194	0.0	0.0	0.0	0.0	0.0	0.0	0.0	0.0	0.0023219579452954	0.0	0.0	0.0	0.0	0.0	0.0	0.0	0.0	0.008194900429396	0.0	0.0281582660635322	0.0020433652756491	0.0	0.0	0.0	2.03627066502328	0.0	1.66350308579721	0.0	0.0	0.0	0.0	0.0	0.0	0.0	0.0005410501320843	0.0045208831839361	0.0	0.0	0.0	0.0	0.0	0.0	0.0	0.0	0.0	0.0015463172181172	0.0	0.0	0.006088186930864	0.0	0.0	0.0	0.0	0.0	0.0	0.002679629094124	0.0	0.000410377789018	0.0008118681326864	0.0	0.0	0.0	0.0	0.0	0.0	0.0	0.0	0.0	0.0	0.0	0.0	0.0	0.0	0.0	0.0	0.0	0.0	0.0	0.0	0.0	0.0	0.0	0.0	0.0	0.0	0.0	0.0	0.0	0.0	0.0	0.0	0.0	0.0	0.0	0.0	0.0010574897327727	0.0	0.0	0.0	0.0	0.226169707290321	0.0	0.0	0.0	0.0	0.0	0.0	0.0	0.0	8.75964857360054e-05	0.0022196277085508	0.0	0.0	0.0	0.0	0.0	0.0	0.0	0.0	0.0	0.0024801859759705	0.0	0.0030885564793674	0.0006075712004527	0.0	0.104001741821218	0.0	0.0	4.68988518952199e-05	0.0	0.0069384451546599	0.0	0.30393370357322236	0.0	0.0122911511563263	0.0	0.0	0.0	0.0	0.0	0.0028806155751646	0.0	0.0	0.0	0.0	0.0	0.0	0.0	0.0	0.0	0.0	0.0	0.0	0.0	0.5442440142926236	0.0	0.0	0.0	0.0	0.0024688153158477	0.0	0.2669069732305718	0.0012037894897552	0.0040329756165241	0.0	0.0	0.0062624123947786995	0.0005072802574667	0.0231824855615327	0.0	0.0	0.0	0.0	0.0	0.0	0.0	0.0
2025_03_KUO_WWTP_25V0254	0.0	0.01957449742565	0.0014283882309562	0.0	0.0	0.0	0.0006499823682601	0.0	0.0003262909863913	0.000331806581357	0.0	0.0024375098400495	0.0002207274725949	0.0004369661364326	0.0016506412380607	0.0	0.0	0.0810932738953457	0.0	0.0	0.0005254939980106	0.0	0.0	0.0	0.0	0.0	0.0	0.0	0.0	0.0	0.0	0.0	0.0173503192361639	0.0104463192213562	0.0	0.0220519784421355	0.0031204592046817	0.0236690564862964	0.009438581605377699	0.0021870559726728	0.0026854390260058	0.0	0.152832785743954	0.0	0.74774292623595	0.0	0.0	0.0	0.0	0.0024384393995254	0.0	0.0	0.0	0.47159358254935	0.0	0.0001091045713021	0.0	0.0	0.0	0.0	0.0002412246876522	0.0	0.0	0.0	0.0033558236560598	0.0005271918784565	0.475210431039008	0.0	0.0	0.0102203708658738	0.0018709337505092	0.00951769676781	0.0	0.0015550715881087	0.0	0.0057026005007118005	0.0002366008865431	0.0	0.0001216407688993	0.0007208764827052	0.0	0.0002396634703127	0.0	0.0	0.0	0.0007170157050581	0.0	0.0	0.0	0.0	0.0002382853397331	0.0	0.0	0.0	0.0	0.001187848840712	0.0009738067541817	0.0007100922567977	0.0002409241585563	0.0	0.0	0.0	0.0	0.0	0.0038505223925027	0.0	0.0059932373326834	0.0	0.0109308618930226	0.0	0.0005964482938352	0.0	0.0	0.0880650858330453	0.0003185628219444	0.0	0.0006316684649262	0.0	0.337223355498921	0.0	0.0	0.0	0.0320482010760963	0.0	0.0	0.0053081739016334	0.0	0.292199282234774	0.0056156660552719	0.0	0.0	0.0	0.0	0.0	0.0	0.0014367937160797	0.0	0.0	0.009225885270967	0.0	0.455461924889436	0.0021980447224541	0.1273169362886996	1.26295137768265	0.0317115600621547	0.0012996210115789998	0.0	0.0046767957197231	0.0003552877221171	0.0	2.2412231749179776	0.0	0.0048911553763314	0.0047609319780217	0.0	0.0	0.0	0.0	0.0	0.0	0.0	0.0	0.0005858739187874	0.0	0.0001114949469193	0.0	0.0012191768818643	0.0057524379893841	0.008107766825057	0.0	0.0	0.000102325092061	16.303813887725422	0.0038384827914988	0.0	0.0	0.0389519962156308	0.0	0.0256150105378746	0.9637403222555792	0.0010281404308904	0.000416331899093	0.0	0.0	0.013882145098433399	0.0021721511655678	0.0039209401091958	0.0031909515059923	0.0	0.0	0.0	0.0	0.0	0.0	0.0
2025_03_TRE_SA1_25V0771	0.0	0.0415503567464005	0.0	0.0	0.0	0.0	0.0	0.0	0.0040633297191742	0.0220053354265511	0.0020311619722456	0.0062928637790433	0.0041702309620961	0.0	0.0120014988211285	0.0	0.0	0.0449366779009166	0.0	0.0	0.0	0.0	0.0	0.0	0.0	0.0	0.0	0.0	0.0	0.0	0.0	0.0	0.002682103078239	0.0	0.0	0.0262966432769204	0.0013136156700826	0.0961037358462422	0.0282855723775648	0.0	0.0	0.0	0.099528119152344	0.0	1.21248887540883	0.0	0.0	0.0	0.0	0.0	0.0	0.0	0.0	0.357181382886478	0.0	0.0	0.0	0.0	0.0	0.0	0.0	0.0	0.0	0.0	0.0	0.0	0.0149924988450776	0.0	0.0	0.0062080356290644	0.0	0.0	0.0	0.0	0.0	0.0195779754904406	0.0	0.0	0.0022940716711972	0.0	0.0	0.0	0.0	0.0	0.0	0.0	0.0	0.0	0.0	0.0	0.0	0.0	0.0	0.0	0.0	0.0	0.0	0.0	0.0	0.0	0.0	0.0	0.0	0.0	0.0	0.0	0.0	0.0	0.0	0.0	0.0	0.0	0.0	0.0231477979347602	0.0006007903040504	0.0	0.0	0.0	0.709783729399415	0.0	0.0	0.0	0.0	0.0	0.0	0.0	0.0	2.56216989784609	0.007856167927211501	0.0	0.0	0.0011302884804232	0.0	0.0	0.0	0.0	0.0016601040598568	0.0	0.0319843091981309	0.0	0.004972063965022	0.0005969729291096	0.0	0.4833645442751	0.0	0.0066875804876453	0.0	0.0	0.0011167520914361	0.0	3.1997742710761004	0.0	0.0115305307276897	0.028667352283781	0.0	0.0	0.0	0.0	0.0	0.0	0.0	0.0	0.0	0.0	0.0	0.0	0.08164399683636059	0.013090436277605502	0.038897975730914	0.0	0.0	0.0	2.78099907688006	0.0	0.0	0.0	0.0	0.0051962350353802	0.0500492098809512	5.70163280792204	0.0028829220350875	0.0	0.0	0.0	0.0183095395842297	0.0090288054975019	0.0086514437194227	0.0	0.0	0.0	0.0	0.0	0.0	0.0	0.0
2025_03_TRE_SA2_25V0775	0.0	0.108046848395901	0.0	0.0028374640162246	0.0025528816766955	0.0	0.0012405295188573	0.0025177295666955	0.0017666659304422	0.0098473689907706	0.0	0.0054130863888253	0.0006296710239467	0.0037528898914063	0.0034983185698632003	0.0	0.0	0.0406968293576355	0.0	0.0	0.0	0.0	0.0	0.0	0.0	0.0	0.0	0.0	0.0	0.0	0.0	0.0	0.0496711546922571	0.0	0.0	0.0138491180491708	0.0	0.0172011795523078	0.0301933486889455	0.0	0.0	0.0	0.378069366133085	0.030492021036469	0.328773028465504	0.0	0.0	0.0	0.0	0.0	0.0	0.0	0.23044306022501018	0.0	0.0	0.0	0.0	0.0	0.0	0.0	0.0	0.0	0.0	0.0	0.0099136227864912	0.0020123533168378	0.0010114873756578	0.0	0.0074541798861794	0.0090984609723551	0.0	0.0174945654456115	0.0	0.0066778772504787	0.0	0.014585657593045101	0.0	0.0	0.0	0.0013728025382257	0.0	0.0	0.0	0.0	0.0	0.0	0.0	0.0	0.0	0.0	0.0	0.0	0.0	0.0	0.0	0.0	0.0061349690711904	0.0	0.0	0.0	0.0	0.0	0.0	0.0	0.0	0.0	0.0411784034090124	0.0	0.0027638811884568	0.0	0.0	0.0	0.0	0.0	0.0	0.0	0.0030742197151794	0.0	0.700101051487521	0.0	0.0	0.0	0.0207079644783445	0.0	0.0	0.0	0.0	13.9734221861754	0.0064135171839118	0.0	0.0003278880503086	0.0	0.0	0.0	0.0	0.0054844103604738	0.0	0.0016320297453293	0.0	0.0	0.0	0.0001448333772982	0.0	0.0004037098373432	0.217505877405256	0.0003748560647374	0.0	0.0015939177263245	0.0	0.0	8.166452157143526	0.0	0.0233376431498385	0.0203625589858554	0.0	0.0	0.0	0.0	0.0	0.0	0.0	0.0020666058948529	0.0	0.0	0.0	0.0	0.0094606078718174	0.0107264021657782	0.0792867363443174	0.0	0.0	0.0	0.1955474196872855	0.0372789856434242	0.0	0.0	0.0	0.0	3.43634650028764	4.568938483930538	0.0005045827854939	0.0	0.0	0.0	0.0069202594617923	0.0	0.0007167127175619	0.0052201014274389	0.0	0.0	0.0	0.0	0.0	0.0	0.0
2025_03_TRE_UH_25V0763	0.0	0.0038142103403476	0.0	0.0002268294629673	0.0004591793048207	0.0	0.0	0.0	0.0	0.0	0.0003327487159098	0.0	0.0	0.0	0.0002245560531655	0.0	0.0	0.0068209265891102	0.0	0.0	0.0	0.0	0.0	0.0	0.0	0.0	0.0	0.0	0.0	0.0	0.0	0.0	0.0	0.0	0.0	0.001025705905184	0.0	0.0011711602358293	0.0	0.0	0.0	0.0	0.438101277200673	0.0	0.449673890422062	0.0	0.0	0.0	0.0	0.0	0.0	0.0	0.0	0.176640014275539	0.0	0.0	0.0	0.0	0.0	0.0	0.0	0.0	0.0	3.80317598509557e-05	0.0	0.0	0.0	0.0	0.0	0.0	0.0	0.0279836362652698	0.0	0.0	0.0	0.0002452663404991	0.0	0.0	0.0	0.0	0.0	0.0	0.0	0.0	0.0	0.0	0.0	0.0	0.0	0.0	0.0	0.0	0.0	0.0	0.0	0.0	0.0	0.0	0.0	0.0	0.0	0.0	0.0	0.0	0.0	0.0	0.0139903163811985	0.0	0.0	0.0	0.0	0.0	0.0	0.0050561535017423	0.0	0.0	0.0	0.0	0.0940727953558569	0.0	0.0	0.0	0.0	0.0	0.0	0.0127425873339794	0.0	0.30788743565903	0.0	0.0	0.0	0.0	0.0	0.0	0.0	0.0	0.0	0.0	0.0005861368268043	0.0	0.0033667352706857	0.00191416605207	0.0	0.0002904563954574	0.0	0.0	0.0	0.0	0.0	0.0	0.4165817454092189	0.0	0.0113337173868681	0.0007140113197587	0.0	0.0	0.0	0.0	0.0	0.0	0.0	0.0005575714692143	0.0	0.0	0.0	0.0	0.0007622936276017	0.0	0.0001259951087001	0.0	0.0	0.0	0.105947868877174	0.0	0.0	0.0	0.0043700831606863	0.0	0.0	0.2701069687056441	0.0	0.000179617258469	0.0	0.0	0.0061971970625392	0.0	0.0625596104522494	0.0	0.0	0.0014817358085155	0.0	0.0187252191077817	0.0	0.0	0.0
2025_03_TRE_WWTP_25V0767	0.0	0.0211271193126529	0.0	0.0	0.0	0.0	0.0	0.0	0.0	0.0157050299400502	0.0062267934582853	0.0	0.0	0.0	0.0	0.0	0.0	0.0710848265019028	0.0	0.0	0.0	0.0	0.0	0.0	0.0	0.0	0.0	0.0135796197416857	0.0014963267648984	0.0	0.0	0.0	0.108717590855632	0.0	0.0	0.0444625313441337	0.0057752050558262	0.0314495717879519	0.0170097066690955	0.000369727301168	0.0	0.0	0.292911844418467	0.0	0.61569325310297	0.0	0.0	0.0	0.0	0.0	0.0	0.0	0.0	0.630446704542277	0.0016999473296824	0.0021925520173855	0.0	0.0	0.003296153769847	0.0	0.0	0.0	0.0	0.0	0.0	0.0022577854578596	0.0	0.0	0.0053764149543647	0.1768582971789241	0.0	0.21838199423735	0.0	0.0	0.0	0.0068752143818262	0.0	0.0	0.0	0.0	0.0	0.0007694806323001	0.0	0.0	0.0	0.0	0.0	0.0	0.0	0.0030945346214561	0.0	0.0	0.0	0.0	0.0	0.0	0.0	0.0084133321562822	0.0	0.0023109866860936	0.0	0.0	0.0	0.0	0.0	0.0	0.079567759689384	0.0	0.0	0.0	0.0	0.0	0.0	0.213873424581162	0.0	0.000186803341364	0.0	0.0	0.701455113599451	0.0	0.0	0.0	0.0835912240192696	0.0	0.0	0.0002385473142492	0.0	7.69644790565721	0.0047973772196477	0.0	0.0	0.0	0.0	0.0	0.0	0.0007691630150881	0.0	0.0	0.0027738720444892	0.0	0.454226925611904	0.0027787098840073	0.897046693331699	0.395876026386271	0.0967645846458105	0.0008411490812008	0.0	0.0021459795753015	0.0	0.0	6.129811781325833	0.0	0.0418943459946462	0.0184507641194369	0.0	0.0	0.0003830006024705	0.0	0.0	0.0	0.0	0.0	0.0037636513422311	0.0030459841503919	0.0	0.0	0.026378926398434	0.0217399653086801	0.1038990567089482	0.0	0.0	0.0009677445455448	16.18283389121758	0.0321495538663898	0.0	0.0062725958288175	0.0478787147244	0.0	0.376539460511745	4.198451413490629	0.0062860590959865	0.0004337050041954	0.0	0.0	0.0184145733494367	0.0	0.0435029535917973	0.0	0.0	0.0	0.0	0.0	0.0	0.0	0.0
